,Company name,TSR,PRASM,RASM,CASM,Load_factor,Gross_profit_margin,Quick_ratio,D/E,ROA,EPS,TSR_lag1,TSR_lag2,PRASM_lag1,PRASM_lag2,RASM_lag1,RASM_lag2,CASM_lag1,CASM_lag2,Load_factor_lag1,Load_factor_lag2,Gross_profit_margin_lag1,Gross_profit_margin_lag2,Quick_ratio_lag1,Quick_ratio_lag2,D/E_lag1,D/E_lag2,ROA_lag1,ROA_lag2,EPS_lag1,EPS_lag2,TSR_rolling_mean,time
176,0,0.161,11.5,14.01,0.113,0.856,0.2384,1.11,0.7,0.0567,0.62,0.0,0.0,0.0,0.0,0.0,0.0,0.0,0.0,0.0,0.0,0.0,0.0,0.0,0.0,0.0,0.0,0.0,0.0,0.0,0.0,0.0,2013.25
177,0,0.156,12.0,14.56,0.114,0.85,0.2622,1.1,0.678,0.062,0.75,0.161,0.0,11.5,0.0,14.01,0.0,0.113,0.0,0.856,0.0,0.2384,0.0,1.11,0.0,0.7,0.0,0.0567,0.0,0.62,0.0,0.0,2013.5
178,0,0.096,12.5,15.1,0.1249,0.854,0.3065,1.14,0.69,0.082,2.07,0.156,0.161,12.0,11.5,14.56,14.01,0.114,0.113,0.85,0.856,0.2622,0.2384,1.1,1.11,0.678,0.7,0.062,0.0567,0.75,0.62,0.0,2013.75
179,0,0.165,13.0,15.0,0.1302,0.856,0.2345,1.08,0.74,0.0876,1.11,0.096,0.156,12.5,12.0,15.1,14.56,0.1249,0.114,0.854,0.85,0.3065,0.2622,1.14,1.1,0.69,0.678,0.082,0.062,2.07,0.75,0.14450000000000002,2014.0
180,0,0.181,13.82,14.5,0.135,0.815,0.0769,1.07,0.74,0.0958,1.28,0.165,0.096,13.0,12.5,15.0,15.1,0.1302,0.1249,0.856,0.854,0.2345,0.3065,1.08,1.14,0.74,0.69,0.0876,0.082,1.11,2.07,0.1495,2014.25
181,0,0.168,13.86,15.2,0.183,0.84,0.12,1.05,0.75,0.104,1.13,0.181,0.165,13.82,13.0,14.5,15.0,0.135,0.1302,0.815,0.856,0.0769,0.2345,1.07,1.08,0.74,0.74,0.0958,0.0876,1.28,1.11,0.1525,2014.5
182,0,-0.051,13.65,15.45,0.1467,0.846,0.1352,0.98,0.5,0.0875,2.16,0.168,0.181,13.86,13.82,15.2,14.5,0.183,0.135,0.84,0.815,0.12,0.0769,1.05,1.07,0.75,0.74,0.104,0.0958,1.13,1.28,0.11575,2014.75
183,0,0.237,13.3,15.6,0.139,0.851,0.1133,0.95,0.74,0.0981,0.94,-0.051,0.168,13.65,13.86,15.45,15.2,0.1467,0.183,0.846,0.84,0.1352,0.12,0.98,1.05,0.5,0.75,0.0875,0.104,2.16,1.13,0.13375,2015.0
184,0,0.211,11.69,12.68,0.189,0.841,0.2341,0.92,0.91,0.1055,1.12,0.237,-0.051,13.3,13.65,15.6,15.45,0.139,0.1467,0.851,0.846,0.1133,0.1352,0.95,0.98,0.74,0.5,0.0981,0.0875,0.94,2.16,0.14125,2015.25
185,0,0.019,11.7,14.47,0.204,0.8367,0.2595,0.83,0.88,0.116,1.76,0.211,0.237,11.69,13.3,12.68,15.6,0.189,0.139,0.841,0.851,0.2341,0.1133,0.92,0.95,0.91,0.74,0.1055,0.0981,1.12,0.94,0.104,2015.5
186,0,0.111,11.6,15.24,0.239,0.8378,0.2745,0.9,0.84,0.1262,2.16,0.019,0.211,11.7,11.69,14.47,12.68,0.204,0.189,0.8367,0.841,0.2595,0.2341,0.83,0.92,0.88,0.91,0.116,0.1055,1.76,1.12,0.14450000000000002,2015.75
187,0,0.134,11.67,13.87,0.24,0.84,0.2459,0.89,0.81,0.1305,1.46,0.111,0.019,11.6,11.7,15.24,14.47,0.239,0.204,0.8378,0.8367,0.2745,0.2595,0.9,0.83,0.84,0.88,0.1262,0.116,2.16,1.76,0.11875000000000001,2016.0
188,0,-0.016,11.5,13.03,0.135,0.797,0.1366,0.91,0.79,0.1338,1.81,0.134,0.111,11.67,11.6,13.87,15.24,0.24,0.239,0.84,0.8378,0.2459,0.2745,0.89,0.9,0.81,0.84,0.1305,0.1262,1.46,2.16,0.062,2016.25
189,0,-0.238,12.0,14.47,0.137,0.834,0.174,0.95,0.76,0.1349,2.1,-0.016,0.134,11.5,11.67,13.03,13.87,0.135,0.24,0.797,0.84,0.1366,0.2459,0.91,0.89,0.79,0.81,0.1338,0.1305,1.81,1.46,-0.002249999999999995,2016.5
190,0,0.087,12.5,15.21,0.1389,0.845,0.1635,1.68,0.73,0.1225,2.94,-0.238,-0.016,12.0,11.5,14.47,13.03,0.137,0.135,0.834,0.797,0.174,0.1366,0.95,0.91,0.76,0.79,0.1349,0.1338,2.1,1.81,-0.00825,2016.75
191,0,0.335,13.5,14.29,0.1392,0.834,0.0639,0.79,0.71,0.098,1.56,0.087,-0.238,12.5,12.0,15.21,14.47,0.1389,0.137,0.845,0.834,0.1635,0.174,1.68,0.95,0.73,0.76,0.1225,0.1349,2.94,2.1,0.042,2017.0
192,0,0.038,12.5,12.96,0.098,0.843,0.0534,0.76,0.625,0.097,1.78,0.335,0.087,13.5,12.5,14.29,15.21,0.1392,0.1389,0.834,0.845,0.0639,0.1635,0.79,1.68,0.71,0.73,0.098,0.1225,1.56,2.94,0.0555,2017.25
193,0,-0.008,12.0,15.57,0.205,0.84,0.1394,0.8,0.59,0.097,2.51,0.038,0.335,12.5,13.5,12.96,14.29,0.098,0.1392,0.843,0.834,0.0534,0.0639,0.76,0.79,0.625,0.71,0.097,0.098,1.78,1.56,0.11299999999999999,2017.5
194,0,-0.108,12.85,15.7,0.138,0.8265,0.1227,0.78,0.56,0.097,2.24,-0.008,0.038,12.0,12.5,15.57,12.96,0.205,0.098,0.84,0.843,0.1394,0.0534,0.8,0.76,0.59,0.625,0.097,0.097,2.51,1.78,0.06425,2017.75
195,0,-0.084,13.0,14.53,0.1201,0.81,0.1622,0.78,0.53,0.097,0.83,-0.108,-0.008,12.85,12.0,15.7,15.57,0.138,0.205,0.8265,0.84,0.1227,0.1394,0.78,0.8,0.56,0.59,0.097,0.097,2.24,2.51,-0.04050000000000001,2018.0
196,0,-0.1093,13.58,11.84,8.81,0.801,0.3333,1.67,0.5,0.0267,0.03,-0.084,-0.108,13.0,12.85,14.53,15.7,0.1201,0.138,0.81,0.8265,0.1622,0.1227,0.78,0.78,0.53,0.56,0.097,0.097,0.83,2.24,-0.077325,2018.25
197,0,-0.0532,13.79,12.81,8.14,0.86,0.4,1.45,0.54,0.0321,1.56,-0.1093,-0.084,13.58,13.0,11.84,14.53,8.81,0.1201,0.801,0.81,0.3333,0.1622,1.67,0.78,0.5,0.53,0.0267,0.097,0.03,0.83,-0.08862500000000001,2018.5
198,0,0.1542,14.0,12.5,8.9,0.87,0.4444,1.3,0.56,0.0366,1.75,-0.0532,-0.1093,13.79,13.58,12.81,11.84,8.14,8.81,0.86,0.801,0.4,0.3333,1.45,1.67,0.54,0.5,0.0321,0.0267,1.56,0.03,-0.023075000000000012,2018.75
199,0,-0.0853,14.24,12.84,8.95,0.845,0.4,1.15,0.58,0.0412,0.19,0.1542,-0.0532,14.0,13.79,12.5,12.81,8.9,8.14,0.87,0.86,0.4444,0.4,1.3,1.45,0.56,0.54,0.0366,0.0321,1.75,1.56,-0.023400000000000008,2019.0
200,0,-0.064,13.78,12.1,9.06,0.803,0.3182,1.52,0.53,0.024,0.03,-0.0853,0.1542,14.24,14.0,12.84,12.5,8.95,8.9,0.845,0.87,0.4,0.4444,1.15,1.3,0.58,0.56,0.0412,0.0366,0.19,1.75,-0.01207500000000001,2019.25
201,0,0.0862,14.43,13.48,8.33,0.862,0.3462,1.45,0.54,0.026,2.0,-0.064,-0.0853,13.78,14.24,12.1,12.84,9.06,8.95,0.803,0.845,0.3182,0.4,1.52,1.15,0.53,0.58,0.024,0.0412,0.03,0.19,0.02277499999999999,2019.5
202,0,8.25,14.5,13.0,9.0,0.84,0.3214,1.53,0.54,0.0263,2.6,0.0862,-0.064,14.43,13.78,13.48,12.1,8.33,9.06,0.862,0.803,0.3462,0.3182,1.45,1.52,0.54,0.53,0.026,0.024,2.0,0.03,2.046725,2019.75
203,0,0.0373,14.77,13.38,9.01,0.837,0.3333,1.51,0.55,0.0268,1.46,8.25,0.0862,14.5,14.43,13.0,13.48,9.0,8.33,0.84,0.862,0.3214,0.3462,1.53,1.45,0.54,0.54,0.0263,0.026,2.6,2.0,2.077375,2020.0
204,0,0.1056,8.1,10.5,12.25,0.552,0.3,1.5,0.58,0.0188,2.4,0.0373,8.25,14.77,14.5,13.38,13.0,9.01,9.0,0.837,0.84,0.3333,0.3214,1.51,1.53,0.55,0.54,0.0268,0.0263,1.46,2.6,2.1197749999999997,2020.25
205,0,0.1429,6.3,8.2,18.7,0.38,0.3333,1.45,0.61,0.0198,3.0,0.1056,0.0373,8.1,14.77,10.5,13.38,12.25,9.01,0.552,0.837,0.3,0.3333,1.5,1.51,0.58,0.55,0.0188,0.0268,2.4,1.46,2.13395,2020.5
206,0,0.125,7.2,9.0,12.5,0.521,0.3462,1.44,0.64,0.0205,2.8,0.1429,0.1056,6.3,8.1,8.2,10.5,18.7,12.25,0.38,0.552,0.3333,0.3,1.45,1.5,0.61,0.58,0.0198,0.0188,3.0,2.4,0.1027,2020.75
207,0,0.1111,8.0,9.8,12.9,0.6,0.3571,1.42,0.69,0.0212,2.6,0.125,0.1429,7.2,6.3,9.0,8.2,12.5,18.7,0.521,0.38,0.3462,0.3333,1.44,1.45,0.64,0.61,0.0205,0.0198,2.8,3.0,0.12115000000000001,2021.0
208,0,0.1,7.5,9.3,11.8,0.557,0.3333,1.47,0.63,0.0193,3.2,0.1111,0.125,8.0,7.2,9.8,9.0,12.9,12.5,0.6,0.521,0.3571,0.3462,1.42,1.44,0.69,0.64,0.0212,0.0205,2.6,2.8,0.11975,2021.25
209,0,0.0909,8.7,10.8,11.1,0.706,0.3462,1.45,0.63,0.0212,3.6,0.1,0.1111,7.5,8.0,9.3,9.8,11.8,12.9,0.557,0.6,0.3333,0.3571,1.47,1.42,0.63,0.69,0.0193,0.0212,3.2,2.6,0.10675,2021.5
210,0,0.0833,9.2,11.5,10.7,0.745,0.3571,1.47,0.64,0.023,4.0,0.0909,0.1,8.7,7.5,10.8,9.3,11.1,11.8,0.706,0.557,0.3462,0.3333,1.45,1.47,0.63,0.63,0.0212,0.0193,3.6,3.2,0.096325,2021.75
211,0,-0.0243,9.0,11.2,10.9,0.733,0.3667,1.46,0.65,0.0244,4.4,0.0833,0.0909,9.2,8.7,11.5,10.8,10.7,11.1,0.745,0.706,0.3571,0.3462,1.47,1.45,0.64,0.63,0.023,0.0212,4.0,3.6,0.06247500000000001,2022.0
212,0,0.0909,13.5,14.8,15.2,0.77,0.3438,1.38,0.65,0.0264,4.8,-0.0243,0.0833,9.0,9.2,11.2,11.5,10.9,10.7,0.733,0.745,0.3667,0.3571,1.46,1.47,0.65,0.64,0.0244,0.023,4.4,4.0,0.0602,2022.25
213,0,-0.0413,14.2,15.6,14.9,0.825,0.3529,1.37,0.66,0.028,5.2,0.0909,-0.0243,13.5,9.0,14.8,11.2,15.2,10.9,0.77,0.733,0.3438,0.3667,1.38,1.46,0.65,0.65,0.0264,0.0244,4.8,4.4,0.027149999999999994,2022.5
214,0,0.0598,15.0,16.4,14.5,0.85,0.3611,1.36,0.67,0.0295,5.6,-0.0413,0.0909,14.2,13.5,15.6,14.8,14.9,15.2,0.825,0.77,0.3529,0.3438,1.37,1.38,0.66,0.65,0.028,0.0264,5.2,4.8,0.021274999999999995,2022.75
215,0,0.04,14.8,16.1,14.7,0.835,0.3684,1.35,0.67,0.0309,6.0,0.0598,-0.0413,15.0,14.2,16.4,15.6,14.5,14.9,0.85,0.825,0.3611,0.3529,1.36,1.37,0.67,0.66,0.0295,0.028,5.6,5.2,0.037349999999999994,2023.0
216,0,0.1,14.0,15.4,15.0,0.8,0.375,1.34,0.68,0.0323,6.4,0.04,0.0598,14.8,15.0,16.1,16.4,14.7,14.5,0.835,0.85,0.3684,0.3611,1.35,1.36,0.67,0.67,0.0309,0.0295,6.0,5.6,0.039625,2023.25
217,0,-0.045,15.5,16.8,14.2,0.86,0.381,1.33,0.68,0.0337,6.8,0.1,0.04,14.0,14.8,15.4,16.1,15.0,14.7,0.8,0.835,0.375,0.3684,1.34,1.35,0.68,0.67,0.0323,0.0309,6.4,6.0,0.0387,2023.5
218,0,0.0654,16.0,17.3,14.0,0.875,0.3864,1.33,0.69,0.0349,7.2,-0.045,0.1,15.5,14.0,16.8,15.4,14.2,15.0,0.86,0.8,0.381,0.375,1.33,1.34,0.68,0.68,0.0337,0.0323,6.8,6.4,0.040100000000000004,2023.75
219,0,0.0435,15.8,17.0,14.3,0.855,0.3913,1.32,0.69,0.0362,7.6,0.0654,-0.045,16.0,15.5,17.3,16.8,14.0,14.2,0.875,0.86,0.3864,0.381,1.33,1.33,0.69,0.68,0.0349,0.0337,7.2,6.8,0.040975,2024.0
352,1,0.0656,8.25,12.37,10.33,0.832,0.22,1.5,1.2,0.045,1.25,0.0,0.0,0.0,0.0,0.0,0.0,0.0,0.0,0.0,0.0,0.0,0.0,0.0,0.0,0.0,0.0,0.0,0.0,0.0,0.0,0.0,2013.25
353,1,0.0618,8.3,12.4,10.4,0.843,0.24,1.55,1.18,0.05,1.78,0.0656,0.0,8.25,0.0,12.37,0.0,10.33,0.0,0.832,0.0,0.22,0.0,1.5,0.0,1.2,0.0,0.045,0.0,1.25,0.0,0.0,2013.5
354,1,0.0583,8.28,12.35,10.35,0.838,0.2,1.45,1.25,0.035,0.94,0.0618,0.0656,8.3,8.25,12.4,12.37,10.4,10.33,0.843,0.832,0.24,0.22,1.55,1.5,1.18,1.2,0.05,0.045,1.78,1.25,0.0,2013.75
355,1,0.0553,8.32,12.29,10.61,0.838,0.21,1.48,1.22,0.04,0.94,0.0583,0.0618,8.28,8.3,12.35,12.4,10.35,10.4,0.838,0.843,0.2,0.24,1.45,1.55,1.25,1.18,0.035,0.05,0.94,1.78,0.06025,2014.0
356,1,0.053,8.45,12.5,10.5,0.847,0.23,1.52,1.18,0.048,1.86,0.0553,0.0583,8.32,8.28,12.29,12.35,10.61,10.35,0.838,0.838,0.21,0.2,1.48,1.45,1.22,1.25,0.04,0.035,0.94,0.94,0.057100000000000005,2014.25
357,1,0.0505,8.5,12.55,10.55,0.847,0.25,1.57,1.15,0.052,1.86,0.053,0.0553,8.45,8.32,12.5,12.29,10.5,10.61,0.847,0.838,0.23,0.21,1.52,1.48,1.18,1.22,0.048,0.04,1.86,0.94,0.054275,2014.5
358,1,0.0482,8.48,12.53,10.53,0.847,0.22,1.5,1.2,0.045,0.8,0.0505,0.053,8.5,8.45,12.55,12.5,10.55,10.5,0.847,0.847,0.25,0.23,1.57,1.52,1.15,1.18,0.052,0.048,1.86,1.86,0.051750000000000004,2014.75
359,1,0.0461,8.51,12.6,10.6,0.847,0.24,1.53,1.18,0.05,0.27,0.0482,0.0505,8.48,8.5,12.53,12.55,10.53,10.55,0.847,0.847,0.22,0.25,1.5,1.57,1.2,1.15,0.045,0.052,0.8,1.86,0.049449999999999994,2015.0
360,1,0.069,8.6,12.7,10.7,0.849,0.2,0.85,1.86,0.02,0.25,0.0461,0.0482,8.51,8.48,12.6,12.53,10.6,10.53,0.847,0.847,0.24,0.22,1.53,1.5,1.18,1.2,0.05,0.045,0.27,0.8,0.05345,2015.25
361,1,-0.0291,8.65,12.75,10.75,0.849,0.27,0.89,1.82,0.05,2.68,0.069,0.0461,8.6,8.51,12.7,12.6,10.7,10.6,0.849,0.847,0.2,0.24,0.85,1.53,1.86,1.18,0.02,0.05,0.25,0.27,0.03355,2015.5
362,1,0.0671,8.63,12.73,10.73,0.849,0.29,0.91,1.78,0.06,2.84,-0.0291,0.069,8.65,8.6,12.75,12.7,10.75,10.7,0.849,0.849,0.27,0.2,0.89,0.85,1.82,1.86,0.05,0.02,2.68,0.25,0.038275,2015.75
363,1,0.0333,8.68,12.78,10.78,0.849,0.25,0.88,1.8,0.04,1.28,0.0671,-0.0291,8.63,8.65,12.73,12.75,10.73,10.75,0.849,0.849,0.29,0.27,0.91,0.89,1.78,1.82,0.06,0.05,2.84,2.68,0.035075,2016.0
364,1,0.0318,8.7,12.8,10.8,0.846,0.27,1.65,1.3,0.055,4.29,0.0333,0.0671,8.68,8.63,12.78,12.73,10.78,10.73,0.849,0.849,0.25,0.29,0.88,0.91,1.8,1.78,0.04,0.06,1.28,2.84,0.025775000000000003,2016.25
365,1,0.0314,8.75,12.85,10.85,0.846,0.28,1.7,1.28,0.058,3.68,0.0318,0.0333,8.7,8.68,12.8,12.78,10.8,10.78,0.846,0.849,0.27,0.25,1.65,0.88,1.3,1.8,0.055,0.04,4.29,1.28,0.040900000000000006,2016.5
366,1,0.0306,8.73,12.83,10.83,0.846,0.25,1.6,1.35,0.05,2.75,0.0314,0.0318,8.75,8.7,12.85,12.8,10.85,10.8,0.846,0.846,0.28,0.27,1.7,1.65,1.28,1.3,0.058,0.055,3.68,4.29,0.031775,2016.75
367,1,0.0297,8.8,12.9,10.9,0.846,0.203,1.5,1.4,0.03,2.48,0.0306,0.0314,8.73,8.75,12.83,12.85,10.83,10.85,0.846,0.846,0.25,0.28,1.6,1.7,1.35,1.28,0.05,0.058,2.75,3.68,0.030875,2017.0
368,1,0.0289,8.85,13.0,11.0,0.856,0.22,1.55,1.38,0.035,2.5,0.0297,0.0306,8.8,8.73,12.9,12.83,10.9,10.83,0.846,0.846,0.203,0.25,1.5,1.6,1.4,1.35,0.03,0.05,2.48,2.75,0.03015,2017.25
369,1,0.0282,8.9,13.05,11.05,0.856,0.23,1.6,1.35,0.038,2.94,0.0289,0.0297,8.85,8.8,13.0,12.9,11.0,10.9,0.856,0.846,0.22,0.203,1.55,1.5,1.38,1.4,0.035,0.03,2.5,2.48,0.02935,2017.5
370,1,0.0275,8.88,13.03,11.03,0.856,0.2,1.5,1.4,0.03,1.39,0.0282,0.0289,8.9,8.85,13.05,13.0,11.05,11.0,0.856,0.856,0.23,0.22,1.6,1.55,1.35,1.38,0.038,0.035,2.94,2.5,0.028575,2017.75
371,1,0.0268,8.95,13.1,11.1,0.856,0.16,1.45,1.45,0.017,2.71,0.0275,0.0282,8.88,8.9,13.03,13.05,11.03,11.05,0.856,0.856,0.2,0.23,1.5,1.6,1.4,1.35,0.03,0.038,1.39,2.94,0.02785,2018.0
372,1,0.0262,8.85,13.15,11.15,0.855,0.2,0.85,1.86,0.02,0.25,0.0268,0.0275,8.95,8.88,13.1,13.03,11.1,11.03,0.856,0.856,0.16,0.2,1.45,1.5,1.45,1.4,0.017,0.03,2.71,1.39,0.027174999999999998,2018.25
373,1,0.0256,8.9,13.2,11.2,0.855,0.27,0.89,1.82,0.05,2.68,0.0262,0.0268,8.85,8.95,13.15,13.1,11.15,11.1,0.855,0.856,0.2,0.16,0.85,1.45,1.86,1.45,0.02,0.017,0.25,2.71,0.026525,2018.5
374,1,0.0407,8.88,13.18,11.18,0.855,0.29,0.91,1.78,0.06,2.84,0.0256,0.0262,8.9,8.85,13.2,13.15,11.2,11.15,0.855,0.855,0.27,0.2,0.89,0.85,1.82,1.86,0.05,0.02,2.68,0.25,0.029825,2018.75
375,1,0.0393,8.95,13.25,11.25,0.855,0.25,0.88,1.8,0.04,1.28,0.0407,0.0256,8.88,8.9,13.18,13.2,11.18,11.2,0.855,0.855,0.29,0.27,0.91,0.89,1.78,1.82,0.06,0.05,2.84,2.68,0.03295,2019.0
376,1,0.038,9.0,13.3,11.3,0.8383,0.22,1.6,1.25,0.045,3.98,0.0393,0.0407,8.95,8.88,13.25,13.18,11.25,11.18,0.855,0.855,0.25,0.29,0.88,0.91,1.8,1.78,0.04,0.06,1.28,2.84,0.0359,2019.25
377,1,0.0368,9.05,13.35,11.35,0.8381,0.24,1.65,1.22,0.05,4.33,0.038,0.0393,9.0,8.95,13.3,13.25,11.3,11.25,0.8383,0.855,0.22,0.25,1.6,0.88,1.25,1.8,0.045,0.04,3.98,1.28,0.0387,2019.5
378,1,0.0356,9.03,13.33,11.33,0.8382,0.2,1.55,1.3,0.035,2.7,0.0368,0.038,9.05,9.0,13.35,13.3,11.35,11.3,0.8381,0.8383,0.24,0.22,1.65,1.6,1.22,1.25,0.05,0.045,4.33,3.98,0.037425,2019.75
379,1,0.0345,9.1,13.4,11.4,0.8382,0.21,1.58,1.28,0.04,3.72,0.0356,0.0368,9.03,9.05,13.33,13.35,11.33,11.35,0.8382,0.8381,0.2,0.24,1.55,1.65,1.3,1.22,0.035,0.05,2.7,4.33,0.036225,2020.0
380,1,0.0335,7.5,10.25,9.25,0.5956,0.18,1.5,1.35,0.02,-1.86,0.0345,0.0356,9.1,9.03,13.4,13.33,11.4,11.33,0.8382,0.8382,0.21,0.2,1.58,1.55,1.28,1.3,0.04,0.035,3.72,2.7,0.0351,2020.25
381,1,0.0325,7.6,10.3,9.3,0.5941,0.15,1.2,1.4,-0.01,-5.96,0.0335,0.0345,7.5,9.1,10.25,13.4,9.25,11.4,0.5956,0.8382,0.18,0.21,1.5,1.58,1.35,1.28,0.02,0.04,-1.86,3.72,0.034025,2020.5
382,1,0.0316,7.55,10.28,9.28,0.5952,0.17,1.25,1.38,-0.005,-4.28,0.0325,0.0335,7.6,7.5,10.3,10.25,9.3,9.25,0.5941,0.5956,0.15,0.18,1.2,1.5,1.4,1.35,-0.01,0.02,-5.96,-1.86,0.033025,2020.75
383,1,0.0308,7.7,10.35,9.35,0.5948,0.19,1.3,1.33,0.01,-1.12,0.0316,0.0325,7.55,7.6,10.28,10.3,9.28,9.3,0.5952,0.5941,0.17,0.15,1.25,1.2,1.38,1.4,-0.005,-0.01,-4.28,-5.96,0.032100000000000004,2021.0
384,1,0.0583,8.2,12.75,10.75,0.7023,0.2,0.85,1.86,0.02,0.25,0.0308,0.0316,7.7,7.55,10.35,10.28,9.35,9.28,0.5948,0.5952,0.19,0.17,1.3,1.25,1.33,1.38,0.01,-0.005,-1.12,-4.28,0.0383,2021.25
385,1,0.0553,8.25,12.8,10.8,0.7034,0.27,0.89,1.82,0.05,2.68,0.0583,0.0308,8.2,7.7,12.75,10.35,10.75,9.35,0.7023,0.5948,0.2,0.19,0.85,1.3,1.86,1.33,0.02,0.01,0.25,-1.12,0.044,2021.5
386,1,0.0525,8.23,12.78,10.78,0.7038,0.29,0.91,1.78,0.06,2.84,0.0553,0.0583,8.25,8.2,12.8,12.75,10.8,10.75,0.7034,0.7023,0.27,0.2,0.89,0.85,1.82,1.86,0.05,0.02,2.68,0.25,0.049225,2021.75
387,1,0.0498,8.3,12.85,10.85,0.7022,0.25,0.88,1.8,0.04,1.28,0.0525,0.0553,8.23,8.25,12.78,12.8,10.78,10.8,0.7038,0.7034,0.29,0.27,0.91,0.89,1.78,1.82,0.06,0.05,2.84,2.68,0.053974999999999995,2022.0
388,1,0.048,8.5,13.0,11.0,0.8499,0.048,1.4,1.2,0.015,0.95,0.0498,0.0525,8.3,8.23,12.85,12.78,10.85,10.78,0.7022,0.7038,0.25,0.29,0.88,0.91,1.8,1.78,0.04,0.06,1.28,2.84,0.0514,2022.25
389,1,0.0457,8.55,13.05,11.05,0.8511,0.0457,1.38,1.18,0.014,0.9,0.048,0.0498,8.5,8.3,13.0,12.85,11.0,10.85,0.8499,0.7022,0.048,0.25,1.4,0.88,1.2,1.8,0.015,0.04,0.95,1.28,0.048999999999999995,2022.5
390,1,0.0435,8.53,13.03,11.03,0.8505,0.0435,1.35,1.15,0.013,0.85,0.0457,0.048,8.55,8.5,13.05,13.0,11.05,11.0,0.8511,0.8499,0.0457,0.048,1.38,1.4,1.18,1.2,0.014,0.015,0.9,0.95,0.04675,2022.75
391,1,0.0414,8.6,13.1,11.1,0.85,0.0414,1.33,1.12,0.012,0.8,0.0435,0.0457,8.53,8.55,13.03,13.05,11.03,11.05,0.8505,0.8511,0.0435,0.0457,1.35,1.38,1.15,1.18,0.013,0.014,0.85,0.9,0.04465,2023.0
392,1,0.0408,8.8,13.25,11.25,0.8575,0.0408,1.3,1.1,0.011,0.75,0.0414,0.0435,8.6,8.53,13.1,13.03,11.1,11.03,0.85,0.8505,0.0414,0.0435,1.33,1.35,1.12,1.15,0.012,0.013,0.8,0.85,0.04285,2023.25
393,1,0.0393,8.85,13.3,11.3,0.8592,0.0393,1.28,1.08,0.01,0.7,0.0408,0.0414,8.8,8.6,13.25,13.1,11.25,11.1,0.8575,0.85,0.0408,0.0414,1.3,1.33,1.1,1.12,0.011,0.012,0.75,0.8,0.04125,2023.5
394,1,0.0379,8.83,13.28,11.28,0.8584,0.0379,1.25,1.05,0.009,0.65,0.0393,0.0408,8.85,8.8,13.3,13.25,11.3,11.25,0.8592,0.8575,0.0393,0.0408,1.28,1.3,1.08,1.1,0.01,0.011,0.7,0.75,0.039850000000000003,2023.75
395,1,0.0366,8.9,13.35,11.35,0.8578,3.66,1.22,1.03,0.008,0.6,0.0379,0.0393,8.83,8.85,13.28,13.3,11.28,11.3,0.8584,0.8592,0.0379,0.0393,1.25,1.28,1.05,1.08,0.009,0.01,0.65,0.7,0.038650000000000004,2024.0
0,2,0.04,13.7,13.52,14.5,0.728,0.26,0.73,2.23,0.001025,0.9,0.0,0.0,0.0,0.0,0.0,0.0,0.0,0.0,0.0,0.0,0.0,0.0,0.0,0.0,0.0,0.0,0.0,0.0,0.0,0.0,0.0,2013.25
1,2,0.1154,13.2,14.21,14.89,0.847,0.113,0.71,4.43,0.0093,0.44,0.04,0.0,13.7,0.0,13.52,0.0,14.5,0.0,0.728,0.0,0.26,0.0,0.73,0.0,2.23,0.0,0.001025,0.0,0.9,0.0,0.0,2013.5
2,2,0.0345,10.8,15.97,12.94,0.855,0.1621,0.47,4.1,0.012,0.76,0.1154,0.04,13.2,13.7,14.21,13.52,14.89,14.5,0.847,0.728,0.113,0.26,0.71,0.73,4.43,2.23,0.0093,0.001025,0.44,0.9,0.0,2013.75
3,2,0.0667,13.46,16.14,15.93,0.844,0.18,0.52,3.82,0.0089,0.5,0.0345,0.1154,10.8,13.2,15.97,14.21,12.94,14.89,0.855,0.847,0.1621,0.113,0.47,0.71,4.1,4.43,0.012,0.0093,0.76,0.44,0.06415,2014.0
4,2,0.0938,13.67,58.53,13.5,0.848,0.0731,1.01,0.35,0.011,0.54,0.0667,0.0345,13.46,10.8,16.14,15.97,15.93,12.94,0.844,0.855,0.18,0.1621,0.52,0.47,3.82,4.1,0.0089,0.012,0.5,0.76,0.0776,2014.25
5,2,0.0286,14.57,17.58,8.55,0.833,0.1004,0.75,4.1,0.0193,2.65,0.0938,0.0667,13.67,13.46,58.53,16.14,13.5,15.93,0.848,0.844,0.0731,0.18,1.01,0.52,0.35,3.82,0.011,0.0089,0.54,0.5,0.0559,2014.5
6,2,0.0556,13.08,18.01,15.97,0.839,0.1132,0.97,7.88,0.0213,1.31,0.0286,0.0938,14.57,13.67,17.58,58.53,8.55,13.5,0.833,0.848,0.1004,0.0731,0.75,1.01,4.1,0.35,0.0193,0.011,2.65,0.54,0.06117499999999999,2014.75
7,2,0.0526,12.86,14.64,12.02,0.815,0.1765,1.39,1.93,0.028,1.13,0.0556,0.0286,13.08,14.57,18.01,17.58,15.97,8.55,0.839,0.833,0.1132,0.1004,0.97,0.75,7.88,4.1,0.0213,0.0193,1.31,2.65,0.05765,2015.0
8,2,0.104,10.47,19.53,9.95,0.884,0.367,5.78,4.18,0.01996,1.34,0.0526,0.0556,12.86,13.08,14.64,18.01,12.02,15.97,0.815,0.839,0.1765,0.1132,1.39,0.97,1.93,7.88,0.028,0.0213,1.13,1.31,0.0602,2015.25
9,2,0.051,12.9,15.3,12.1,0.837,0.215,0.8,2.3,0.065,1.77,0.104,0.0526,10.47,12.86,19.53,14.64,9.95,12.02,0.884,0.815,0.367,0.1765,5.78,1.39,4.18,1.93,0.01996,0.028,1.34,1.13,0.0658,2015.5
10,2,-0.081,10.197,0.275,13.7,0.861,0.187,0.97,5.46,0.0347,2.56,0.051,0.104,12.9,10.47,15.3,19.53,12.1,9.95,0.837,0.884,0.215,0.367,0.8,5.78,2.3,4.18,0.065,0.01996,1.77,1.34,0.031650000000000005,2015.75
11,2,-0.074,15.9,16.6,14.7,0.831,0.1042,0.67,3.25,0.0678,5.09,-0.081,0.051,10.197,12.9,0.275,15.3,13.7,12.1,0.861,0.837,0.187,0.215,0.97,0.8,5.46,2.3,0.0347,0.065,2.56,1.77,3.469446951953614e-18,2016.0
12,2,-0.012,13.2,15.5,12.3,0.815,0.219,0.7,2.3,0.061,1.57,-0.074,-0.081,15.9,10.197,16.6,0.275,14.7,13.7,0.831,0.861,0.1042,0.187,0.67,0.97,3.25,5.46,0.0678,0.0347,5.09,2.56,-0.028999999999999998,2016.25
13,2,-0.008,13.2,15.5,12.1,0.838,0.225,0.7,2.3,0.059,1.7,-0.012,-0.074,13.2,15.9,15.5,16.6,12.3,14.7,0.815,0.831,0.219,0.1042,0.7,0.67,2.3,3.25,0.061,0.0678,1.57,5.09,-0.04375,2016.5
14,2,-0.053,13.5,15.9,12.2,0.832,0.224,0.8,2.4,0.074,2.8,-0.008,-0.012,13.2,13.2,15.5,15.5,12.1,12.3,0.838,0.815,0.225,0.219,0.7,0.7,2.3,2.3,0.059,0.061,1.7,1.57,-0.03675,2016.75
15,2,0.021,13.4,15.8,12.5,0.816,0.232,0.7,2.5,0.068,1.49,-0.053,-0.008,13.5,13.2,15.9,15.5,12.2,12.1,0.832,0.838,0.224,0.225,0.8,0.7,2.4,2.3,0.074,0.059,2.8,1.7,-0.012999999999999998,2017.0
16,2,0.005,12.9,15.1,12.8,0.801,0.218,0.7,2.6,0.045,0.61,0.021,-0.053,13.4,13.5,15.8,15.9,12.5,12.2,0.816,0.832,0.232,0.224,0.7,0.8,2.5,2.4,0.068,0.074,1.49,2.8,-0.008749999999999999,2017.25
17,2,0.012,13.3,15.7,12.4,0.833,0.221,0.8,2.4,0.058,1.63,0.005,0.021,12.9,13.4,15.1,15.8,12.8,12.5,0.801,0.816,0.218,0.232,0.7,0.7,2.6,2.5,0.045,0.068,0.61,1.49,-0.003749999999999998,2017.5
18,2,0.015,13.1,15.6,12.7,0.83,0.216,0.8,2.5,0.052,1.42,0.012,0.005,13.3,12.9,15.7,15.1,12.4,12.8,0.833,0.801,0.221,0.218,0.8,0.7,2.4,2.6,0.058,0.045,1.63,0.61,0.013250000000000001,2017.75
19,2,-0.023,12.8,15.3,13.0,0.817,0.209,0.7,2.6,0.041,0.54,0.015,0.012,13.1,13.3,15.6,15.7,12.7,12.4,0.83,0.833,0.216,0.221,0.8,0.8,2.5,2.4,0.052,0.058,1.42,1.63,0.0022500000000000003,2018.0
20,2,-0.015,12.9,15.4,13.2,0.798,0.205,0.7,2.7,0.043,0.75,-0.023,0.015,12.8,13.1,15.3,15.6,13.0,12.7,0.817,0.83,0.209,0.216,0.7,0.8,2.6,2.5,0.041,0.052,0.54,1.42,-0.002749999999999999,2018.25
21,2,-0.008,13.2,15.7,13.5,0.832,0.213,0.8,2.8,0.051,1.63,-0.015,-0.023,12.9,12.8,15.4,15.3,13.2,13.0,0.798,0.817,0.205,0.209,0.7,0.7,2.7,2.6,0.043,0.041,0.75,0.54,-0.007749999999999999,2018.5
22,2,-0.032,13.4,15.8,13.8,0.829,0.208,0.7,2.9,0.047,1.13,-0.008,-0.015,13.2,12.9,15.7,15.4,13.5,13.2,0.832,0.798,0.213,0.205,0.8,0.7,2.8,2.7,0.051,0.043,1.63,0.75,-0.0195,2018.75
23,2,-0.045,13.0,15.6,14.1,0.814,0.197,0.6,3.0,0.045,1.04,-0.032,-0.008,13.4,13.2,15.8,15.7,13.8,13.5,0.829,0.832,0.208,0.213,0.7,0.8,2.9,2.8,0.047,0.051,1.13,1.63,-0.024999999999999998,2019.0
24,2,-0.021,12.7,15.4,13.7,0.801,0.192,0.7,3.1,0.038,0.52,-0.045,-0.032,13.0,13.4,15.6,15.8,14.1,13.8,0.814,0.829,0.197,0.208,0.6,0.7,3.0,2.9,0.045,0.047,1.04,1.13,-0.0265,2019.25
25,2,-0.018,14.1,16.3,13.5,0.843,0.211,0.5,3.2,0.054,1.82,-0.021,-0.045,12.7,13.0,15.4,15.6,13.7,14.1,0.801,0.814,0.192,0.197,0.7,0.6,3.1,3.0,0.038,0.045,0.52,1.04,-0.028999999999999998,2019.5
26,2,0.054,13.5,16.0,14.0,0.825,0.206,0.7,3.4,0.051,1.42,-0.018,-0.021,14.1,12.7,16.3,15.4,13.5,13.7,0.843,0.801,0.211,0.192,0.5,0.7,3.2,3.1,0.054,0.038,1.82,0.52,-0.0075,2019.75
27,2,0.049,13.7,16.2,14.3,0.812,0.194,0.6,4.0,0.048,2.1,0.054,-0.018,13.5,14.1,16.0,16.3,14.0,13.5,0.825,0.843,0.206,0.211,0.7,0.5,3.4,3.2,0.051,0.054,1.42,1.82,0.016,2020.0
28,2,-0.05,14.0,16.0,20.8,0.739,0.467,0.28,-9.51,-0.0383,-5.26,0.049,0.054,13.7,13.5,16.2,16.0,14.3,14.0,0.812,0.825,0.194,0.206,0.6,0.7,4.0,3.4,0.048,0.051,2.1,1.42,0.00875,2020.25
29,2,-0.023,0.081,11.9,30.1,0.421,-0.609,1.75,5.0,-0.0345,4.82,-0.05,0.049,14.0,13.7,16.0,16.2,20.8,14.3,0.739,0.812,0.467,0.194,0.28,0.6,-9.51,4.0,-0.0383,0.048,-5.26,2.1,0.0075,2020.5
30,2,0.1667,14.29,21.43,28.57,0.4286,0.1667,1.25,1.67,-0.03,-3.53,-0.023,-0.05,0.081,14.0,11.9,16.0,30.1,20.8,0.421,0.739,-0.609,0.467,1.75,0.28,5.0,-9.51,-0.0345,-0.0383,4.82,-5.26,0.035675,2020.75
31,2,0.1429,16.67,23.33,30.0,46.67,0.1429,1.2,1.5,-0.0364,-4.71,0.1667,-0.023,14.29,0.081,21.43,11.9,28.57,30.1,0.4286,0.421,0.1667,-0.609,1.25,1.75,1.67,5.0,-0.03,-0.0345,-3.53,4.82,0.059149999999999994,2021.0
32,2,-0.071,6.9,8.2,18.7,0.542,-0.084,0.5,8.4,-0.062,-4.26,0.1429,0.1667,16.67,14.29,23.33,21.43,30.0,28.57,46.67,0.4286,0.1429,0.1667,1.2,1.25,1.5,1.67,-0.0364,-0.03,-4.71,-3.53,0.0539,2021.25
33,2,-0.038,8.6,11.3,18.1,0.804,-0.021,0.6,7.5,0.014,0.42,-0.071,0.1429,6.9,16.67,8.2,23.33,18.7,30.0,0.542,46.67,-0.084,0.1429,0.5,1.2,8.4,1.5,-0.062,-0.0364,-4.26,-4.71,0.05015000000000001,2021.5
34,2,0.042,14.5,17.5,16.1,0.825,0.067,1.7,6.5,0.048,1.42,-0.038,-0.071,8.6,6.9,11.3,8.2,18.1,18.7,0.804,0.542,-0.021,-0.084,0.6,0.5,7.5,8.4,0.014,-0.062,0.42,-4.26,0.01897500000000001,2021.75
35,2,0.061,15.0,18.2,15.6,0.834,0.098,0.8,6.4,0.044,1.42,0.042,-0.038,14.5,8.6,17.5,11.3,16.1,18.1,0.825,0.804,0.067,-0.021,1.7,0.6,6.5,7.5,0.048,0.014,1.42,0.42,-0.001499999999999991,2022.0
36,2,0.1111,12.12,19.39,24.21,0.485,0.125,1.4,1.27,0.0089,1.16,0.061,0.042,15.0,14.5,18.2,17.5,15.6,16.1,0.834,0.825,0.098,0.067,0.8,1.7,6.4,6.5,0.044,0.048,1.42,1.42,0.04402500000000001,2022.25
37,2,0.15,10.0,15.5,20.0,0.75,0.33,1.25,1.5,0.05,5.0,0.1111,0.061,12.12,15.0,19.39,18.2,24.21,15.6,0.485,0.834,0.125,0.098,1.4,0.8,1.27,6.4,0.0089,0.044,1.16,1.42,0.09102500000000001,2022.5
38,2,0.13,21.1,25.9,20.5,0.82,0.371,1.28,1.4,0.05,6.0,0.15,0.1111,10.0,12.12,15.5,19.39,20.0,24.21,0.75,0.485,0.33,0.125,1.25,1.4,1.5,1.27,0.05,0.0089,5.0,1.16,0.11302500000000001,2022.75
39,2,0.1389,12.45,20.0,14.0,0.75,0.4,1.75,1.5,-0.02,-2.0,0.13,0.15,21.1,10.0,25.9,15.5,20.5,20.0,0.82,0.75,0.371,0.33,1.28,1.25,1.4,1.5,0.05,0.05,6.0,5.0,0.1325,2023.0
40,2,0.079,14.2,15.4,16.7,0.818,0.4,0.42,-8.07,0.0275,-1.43,0.1389,0.13,12.45,21.1,20.0,25.9,14.0,20.5,0.75,0.82,0.4,0.371,1.75,1.28,1.5,1.4,-0.02,0.05,-2.0,6.0,0.124475,2023.25
41,2,0.0553,14.0,16.3,16.57,0.8,0.2403,0.42,4.02,0.0275,0.42,0.079,0.1389,14.2,12.45,15.4,20.0,16.7,14.0,0.818,0.75,0.4,0.4,0.42,1.75,-8.07,1.5,0.0275,-0.02,-1.43,-2.0,0.1008,2023.5
42,2,0.0272,14.5,17.6,15.6,0.846,0.2394,0.42,-8.07,0.0275,-1.55,0.0553,0.079,14.0,14.2,16.3,15.4,16.57,16.7,0.8,0.818,0.2403,0.4,0.42,0.42,4.02,-8.07,0.0275,0.0275,0.42,-1.43,0.0751,2023.75
43,2,0.2566,18.0,20.1,17.78,0.836,0.2403,0.45,-4.85,0.0285,0.29,0.0272,0.0553,14.5,14.0,17.6,16.3,15.6,16.57,0.846,0.8,0.2394,0.2403,0.42,0.42,-8.07,4.02,0.0275,0.0275,-1.55,0.42,0.104525,2024.0
308,3,0.2308,13.5,15.0,14.0,0.82,0.17,0.85,2.5,0.012,0.09,0.0,0.0,0.0,0.0,0.0,0.0,0.0,0.0,0.0,0.0,0.0,0.0,0.0,0.0,0.0,0.0,0.0,0.0,0.0,0.0,0.0,2013.25
309,3,0.125,14.0,15.5,14.5,0.83,0.22,0.9,2.45,0.05,0.8,0.2308,0.0,13.5,0.0,15.0,0.0,14.0,0.0,0.82,0.0,0.17,0.0,0.85,0.0,2.5,0.0,0.012,0.0,0.09,0.0,0.0,2013.5
310,3,0.1111,14.5,16.0,15.0,0.84,0.283,0.95,2.4,0.099,1.59,0.125,0.2308,14.0,13.5,15.5,15.0,14.5,14.0,0.83,0.82,0.22,0.17,0.9,0.85,2.45,2.5,0.05,0.012,0.8,0.09,0.0,2013.75
311,3,0.1,15.0,16.5,15.5,0.85,0.22,0.92,2.42,0.04,0.65,0.1111,0.125,14.5,14.0,16.0,15.5,15.0,14.5,0.84,0.83,0.283,0.22,0.95,0.9,2.4,2.45,0.099,0.05,1.59,0.8,0.141725,2014.0
312,3,0.0909,15.5,17.0,16.0,0.86,0.2,0.87,2.6,0.015,0.25,0.1,0.1111,15.0,14.5,16.5,16.0,15.5,15.0,0.85,0.84,0.22,0.283,0.92,0.95,2.42,2.4,0.04,0.099,0.65,1.59,0.10675,2014.25
313,3,0.0833,16.0,17.5,16.5,0.87,0.25,0.93,2.55,0.058,0.94,0.0909,0.1,15.5,15.0,17.0,16.5,16.0,15.5,0.86,0.85,0.2,0.22,0.87,0.92,2.6,2.42,0.015,0.04,0.25,0.65,0.096325,2014.5
314,3,0.0769,16.5,18.0,17.0,0.88,0.305,0.96,2.5,0.098,1.49,0.0833,0.0909,16.0,15.5,17.5,17.0,16.5,16.0,0.87,0.86,0.25,0.2,0.93,0.87,2.55,2.6,0.058,0.015,0.94,0.25,0.087775,2014.75
315,3,0.0714,17.0,18.5,17.5,0.89,0.25,0.94,2.52,0.049,0.78,0.0769,0.0833,16.5,16.0,18.0,17.5,17.0,16.5,0.88,0.87,0.305,0.25,0.96,0.93,2.5,2.55,0.098,0.058,1.49,0.94,0.080625,2015.0
316,3,0.087,14.5,16.0,15.0,0.84,0.2,0.9,1.85,0.02,0.45,0.0714,0.0769,17.0,16.5,18.5,18.0,17.5,17.0,0.89,0.88,0.25,0.305,0.94,0.96,2.52,2.5,0.049,0.098,0.78,1.49,0.07965,2015.25
317,3,-0.04,15.0,16.5,15.5,0.85,0.25,0.95,1.8,0.05,1.27,0.087,0.0714,14.5,17.0,16.0,18.5,15.0,17.5,0.84,0.89,0.2,0.25,0.9,0.94,1.85,2.52,0.02,0.049,0.45,0.78,0.048825,2015.5
318,3,-0.0208,15.5,17.0,16.0,0.86,0.3,1.0,1.75,0.07,1.65,-0.04,0.087,15.0,14.5,16.5,16.0,15.5,15.0,0.85,0.84,0.25,0.2,0.95,0.9,1.8,1.85,0.05,0.02,1.27,0.45,0.024399999999999998,2015.75
319,3,0.0426,16.0,17.5,16.5,0.87,0.28,0.97,1.78,0.06,1.18,-0.0208,-0.04,15.5,15.0,17.0,16.5,16.0,15.5,0.86,0.85,0.3,0.25,1.0,0.95,1.75,1.8,0.07,0.05,1.65,1.27,0.0172,2016.0
320,3,-0.0816,16.5,18.0,17.0,0.88,0.22,0.92,1.82,0.03,1.21,0.0426,-0.0208,16.0,15.5,17.5,17.0,16.5,16.0,0.87,0.86,0.28,0.3,0.97,1.0,1.78,1.75,0.06,0.07,1.18,1.65,-0.02495,2016.25
321,3,-0.0667,17.0,18.5,17.5,0.89,0.27,0.94,1.79,0.06,1.47,-0.0816,0.0426,16.5,16.0,18.0,17.5,17.0,16.5,0.88,0.87,0.22,0.28,0.92,0.97,1.82,1.78,0.03,0.06,1.21,1.18,-0.031625,2016.5
322,3,-0.0714,17.5,19.0,18.0,0.9,0.29,0.96,1.76,0.07,1.69,-0.0667,-0.0816,17.0,16.5,18.5,18.0,17.5,17.0,0.89,0.88,0.27,0.22,0.94,0.92,1.79,1.82,0.06,0.03,1.47,1.21,-0.044274999999999995,2016.75
323,3,0.0513,18.0,19.5,18.5,0.91,0.25,0.91,1.83,0.05,0.82,-0.0714,-0.0667,17.5,17.0,19.0,18.5,18.0,17.5,0.9,0.89,0.29,0.27,0.96,0.94,1.76,1.79,0.07,0.06,1.69,1.47,-0.0421,2017.0
324,3,0.0732,13.5,15.0,14.0,0.82,0.2,0.88,1.8,0.025,0.77,0.0513,-0.0714,18.0,17.5,19.5,19.0,18.5,18.0,0.91,0.9,0.25,0.29,0.91,0.96,1.83,1.76,0.05,0.07,0.82,1.69,-0.0033999999999999968,2017.25
325,3,0.0455,14.0,15.5,14.5,0.83,0.25,0.92,1.75,0.05,1.64,0.0732,0.0513,13.5,18.0,15.0,19.5,14.0,18.5,0.82,0.91,0.2,0.25,0.88,0.91,1.8,1.83,0.025,0.05,0.77,0.82,0.024650000000000002,2017.5
326,3,0.0435,14.5,16.0,15.0,0.84,0.28,0.95,1.7,0.065,1.57,0.0455,0.0732,14.0,13.5,15.5,15.0,14.5,14.0,0.83,0.82,0.25,0.2,0.92,0.88,1.75,1.8,0.05,0.025,1.64,0.77,0.053375000000000006,2017.75
327,3,0.0417,15.0,16.5,15.5,0.85,0.22,0.9,1.78,0.04,0.8,0.0435,0.0455,14.5,14.0,16.0,15.5,15.0,14.5,0.84,0.83,0.28,0.25,0.95,0.92,1.7,1.75,0.065,0.05,1.57,1.64,0.050975,2018.0
328,3,-0.0481,15.5,17.0,16.0,0.86,0.22,0.87,1.85,0.03,0.74,0.0417,0.0435,15.0,14.5,16.5,16.0,15.5,15.0,0.85,0.84,0.22,0.28,0.9,0.95,1.78,1.7,0.04,0.065,0.8,1.57,0.02065,2018.25
329,3,0.0251,16.0,17.5,16.5,0.87,0.27,0.91,1.78,0.055,1.77,-0.0481,0.0417,15.5,15.0,17.0,16.5,16.0,15.5,0.86,0.85,0.22,0.22,0.87,0.9,1.85,1.78,0.03,0.04,0.74,0.8,0.015550000000000005,2018.5
330,3,0.0255,16.5,18.0,17.0,0.88,0.3,0.94,1.72,0.07,1.8,0.0251,-0.0481,16.0,15.5,17.5,17.0,16.5,16.0,0.87,0.86,0.27,0.22,0.91,0.87,1.78,1.85,0.055,0.03,1.77,0.74,0.011050000000000004,2018.75
331,3,-0.063,17.0,18.5,17.5,0.89,0.25,0.89,1.8,0.05,1.3,0.0255,0.0251,16.5,16.0,18.0,17.5,17.0,16.5,0.88,0.87,0.3,0.27,0.94,0.91,1.72,1.78,0.07,0.055,1.8,1.77,-0.015124999999999996,2019.0
332,3,0.027,14.2,16.5,14.9,0.85,0.2,0.85,1.7,0.025,0.96,-0.063,0.0255,17.0,16.5,18.5,18.0,17.5,17.0,0.89,0.88,0.25,0.3,0.89,0.94,1.8,1.72,0.05,0.07,1.3,1.8,0.003650000000000003,2019.25
333,3,0.049,14.8,17.2,15.2,0.86,0.25,0.9,1.65,0.05,2.21,0.027,-0.063,14.2,17.0,16.5,18.5,14.9,17.5,0.85,0.89,0.2,0.25,0.85,0.89,1.7,1.8,0.025,0.05,0.96,1.3,0.009625000000000003,2019.5
334,3,0.0265,15.0,17.5,15.5,0.87,0.28,0.92,1.6,0.065,2.31,0.049,0.027,14.8,14.2,17.2,16.5,15.2,14.9,0.86,0.85,0.25,0.2,0.9,0.85,1.65,1.7,0.05,0.025,2.21,0.96,0.009875000000000004,2019.75
335,3,0.0445,14.9,17.3,15.4,0.865,0.22,0.88,1.68,0.04,1.7,0.0265,0.049,15.0,14.8,17.5,17.2,15.5,15.2,0.87,0.86,0.28,0.25,0.92,0.9,1.6,1.65,0.065,0.05,2.31,2.21,0.036750000000000005,2020.0
336,3,-0.4535,12.5,14.8,15.0,0.7,0.15,0.75,1.9,-0.01,-0.84,0.0445,0.0265,14.9,15.0,17.3,17.5,15.4,15.5,0.865,0.87,0.22,0.28,0.88,0.92,1.68,1.6,0.04,0.065,1.7,2.31,-0.083375,2020.25
337,3,0.0667,7.5,9.0,17.0,0.5,0.1,0.6,2.1,-0.05,-4.43,-0.4535,0.0445,12.5,14.9,14.8,17.3,15.0,15.4,0.7,0.865,0.15,0.22,0.75,0.88,1.9,1.68,-0.01,0.04,-0.84,1.7,-0.07895,2020.5
338,3,0.0625,8.5,10.0,16.5,0.55,0.12,0.65,2.05,-0.03,-3.3,0.0667,-0.4535,7.5,12.5,9.0,14.8,17.0,15.0,0.5,0.7,0.1,0.15,0.6,0.75,2.1,1.9,-0.05,-0.01,-4.43,-0.84,-0.06995000000000001,2020.75
339,3,0.0588,9.0,10.8,16.2,0.6,0.14,0.7,2.0,-0.02,-2.53,0.0625,0.0667,8.5,7.5,10.0,9.0,16.5,17.0,0.55,0.5,0.12,0.1,0.65,0.6,2.05,2.1,-0.03,-0.05,-3.3,-4.43,-0.066375,2021.0
340,3,0.1351,10.5,12.5,14.8,0.65,0.15,0.8,1.9,-0.015,-1.85,0.0588,0.0625,9.0,8.5,10.8,10.0,16.2,16.5,0.6,0.55,0.14,0.12,0.7,0.65,2.0,2.05,-0.02,-0.03,-2.53,-3.3,0.080775,2021.25
341,3,0.12,11.8,14.0,15.0,0.7,0.2,0.85,1.85,0.02,0.66,0.1351,0.0588,10.5,9.0,12.5,10.8,14.8,16.2,0.65,0.6,0.15,0.14,0.8,0.7,1.9,2.0,-0.015,-0.02,-1.85,-2.53,0.0941,2021.5
342,3,-0.0319,12.5,14.8,15.3,0.725,0.25,0.88,1.8,0.035,1.89,0.12,0.1351,11.8,10.5,14.0,12.5,15.0,14.8,0.7,0.65,0.2,0.15,0.85,0.8,1.85,1.9,0.02,-0.015,0.66,-1.85,0.07050000000000001,2021.75
343,3,0.0917,13.0,15.5,15.5,0.75,0.22,0.86,1.85,0.025,0.22,-0.0319,0.12,12.5,11.8,14.8,14.0,15.3,15.0,0.725,0.7,0.25,0.2,0.88,0.85,1.8,1.85,0.035,0.02,1.89,0.66,0.078725,2022.0
344,3,0.0404,13.5,15.8,15.2,0.8,0.18,0.82,1.88,0.01,-1.23,0.0917,-0.0319,13.0,12.5,15.5,14.8,15.5,15.3,0.75,0.725,0.22,0.25,0.86,0.88,1.85,1.8,0.025,0.035,0.22,1.89,0.05505,2022.25
345,3,0.0389,14.0,16.2,15.5,0.82,0.24,0.87,1.83,0.03,1.44,0.0404,0.0917,13.5,13.0,15.8,15.5,15.2,15.5,0.8,0.75,0.18,0.22,0.82,0.86,1.88,1.85,0.01,0.025,-1.23,0.22,0.034775,2022.5
346,3,0.0375,14.8,17.0,15.8,0.83,0.26,0.89,1.8,0.04,1.51,0.0389,0.0404,14.0,13.5,16.2,15.8,15.5,15.2,0.82,0.8,0.24,0.18,0.87,0.82,1.83,1.88,0.03,0.01,1.44,-1.23,0.052125,2022.75
347,3,0.0362,15.0,17.5,16.0,0.84,0.23,0.86,1.84,0.025,1.29,0.0375,0.0389,14.8,14.0,17.0,16.2,15.8,15.5,0.83,0.82,0.26,0.24,0.89,0.87,1.8,1.83,0.04,0.03,1.51,1.44,0.03825,2023.0
348,3,0.0358,14.0,16.0,15.5,0.83,0.2,0.85,1.86,0.02,0.25,0.0362,0.0375,15.0,14.8,17.5,17.0,16.0,15.8,0.84,0.83,0.23,0.26,0.86,0.89,1.84,1.8,0.025,0.04,1.29,1.51,0.0371,2023.25
349,3,0.0347,14.5,16.5,15.8,0.84,0.27,0.89,1.82,0.05,2.68,0.0358,0.0362,14.0,15.0,16.0,17.5,15.5,16.0,0.83,0.84,0.2,0.23,0.85,0.86,1.86,1.84,0.02,0.025,0.25,1.29,0.03605,2023.5
350,3,0.0336,14.8,16.8,16.0,0.85,0.29,0.91,1.78,0.06,2.84,0.0347,0.0358,14.5,14.0,16.5,16.0,15.8,15.5,0.84,0.83,0.27,0.2,0.89,0.85,1.82,1.86,0.05,0.02,2.68,0.25,0.035074999999999995,2023.75
351,3,0.0326,15.0,17.0,16.2,0.855,0.25,0.88,1.8,0.04,1.28,0.0336,0.0347,14.8,14.5,16.8,16.5,16.0,15.8,0.85,0.84,0.29,0.27,0.91,0.89,1.78,1.82,0.06,0.05,2.84,2.68,0.034175,2024.0
220,4,0.0949,11.5,13.2,12.8,0.835,0.3,1.17,2.0,0.0067,0.2,0.0,0.0,0.0,0.0,0.0,0.0,0.0,0.0,0.0,0.0,0.0,0.0,0.0,0.0,0.0,0.0,0.0,0.0,0.0,0.0,0.0,2013.25
221,4,0.0933,11.8,13.4,13.0,0.84,0.3077,1.19,2.0,0.0078,0.24,0.0949,0.0,11.5,0.0,13.2,0.0,12.8,0.0,0.835,0.0,0.3,0.0,1.17,0.0,2.0,0.0,0.0067,0.0,0.2,0.0,0.0,2013.5
222,4,0.0854,12.0,13.6,13.2,0.842,0.3148,1.21,2.0,0.009,0.28,0.0933,0.0949,11.8,11.5,13.4,13.2,13.0,12.8,0.84,0.835,0.3077,0.3,1.19,1.17,2.0,2.0,0.0078,0.0067,0.24,0.2,0.0,2013.75
223,4,0.1213,11.9,13.5,13.1,0.841,0.3214,1.23,2.0,0.0101,0.32,0.0854,0.0933,12.0,11.8,13.6,13.4,13.2,13.0,0.842,0.84,0.3148,0.3077,1.21,1.19,2.0,2.0,0.009,0.0078,0.28,0.24,0.09872500000000001,2014.0
224,4,0.2515,12.0,13.8,13.0,0.84,0.3276,1.24,2.0,0.0111,0.36,0.1213,0.0854,11.9,12.0,13.5,13.6,13.1,13.2,0.841,0.842,0.3214,0.3148,1.23,1.21,2.0,2.0,0.0101,0.009,0.32,0.28,0.137875,2014.25
225,4,0.2,12.3,14.0,13.3,0.843,0.3333,1.26,2.0,0.0121,0.4,0.2515,0.1213,12.0,11.9,13.8,13.5,13.0,13.1,0.84,0.841,0.3276,0.3214,1.24,1.23,2.0,2.0,0.0111,0.0101,0.36,0.32,0.16455,2014.5
226,4,0.2,12.5,14.2,13.5,0.845,0.3387,1.27,2.0,0.0131,0.44,0.2,0.2515,12.3,12.0,14.0,13.8,13.3,13.0,0.843,0.84,0.3333,0.3276,1.26,1.24,2.0,2.0,0.0121,0.0111,0.4,0.36,0.19319999999999998,2014.75
227,4,0.3028,12.6,14.3,13.6,0.846,0.3438,1.29,2.0,0.014,0.48,0.2,0.2,12.5,12.3,14.2,14.0,13.5,13.3,0.845,0.843,0.3387,0.3333,1.27,1.26,2.0,2.0,0.0131,0.0121,0.44,0.4,0.238575,2015.0
228,4,0.2,12.5,14.0,13.5,0.805,0.3,1.18,2.02,0.0096,0.3,0.3028,0.2,12.6,12.5,14.3,14.2,13.6,13.5,0.846,0.845,0.3438,0.3387,1.29,1.27,2.0,2.0,0.014,0.0131,0.48,0.44,0.2257,2015.25
229,4,0.1667,12.8,14.3,13.7,0.81,0.307,1.2,2.02,0.0113,0.36,0.2,0.3028,12.5,12.6,14.0,14.3,13.5,13.6,0.805,0.846,0.3,0.3438,1.18,1.29,2.02,2.0,0.0096,0.014,0.3,0.48,0.217375,2015.5
230,4,0.1429,13.0,14.5,13.8,0.82,0.3136,1.22,2.02,0.0123,0.4,0.1667,0.2,12.8,12.5,14.3,14.0,13.7,13.5,0.81,0.805,0.307,0.3,1.2,1.18,2.02,2.02,0.0113,0.0096,0.36,0.3,0.2031,2015.75
231,4,0.125,12.9,14.4,13.6,0.815,0.3197,1.24,2.02,0.0133,0.44,0.1429,0.1667,13.0,12.8,14.5,14.3,13.8,13.7,0.82,0.81,0.3136,0.307,1.22,1.2,2.02,2.02,0.0123,0.0113,0.4,0.36,0.15865,2016.0
232,4,0.1111,13.2,14.7,13.9,0.825,0.3254,1.25,2.02,0.0148,0.5,0.125,0.1429,12.9,13.0,14.4,14.5,13.6,13.8,0.815,0.82,0.3197,0.3136,1.24,1.22,2.02,2.02,0.0133,0.0123,0.44,0.4,0.136425,2016.25
233,4,0.1,13.5,15.0,14.1,0.83,0.3308,1.26,2.02,0.0163,0.56,0.1111,0.125,13.2,12.9,14.7,14.4,13.9,13.6,0.825,0.815,0.3254,0.3197,1.25,1.24,2.02,2.02,0.0148,0.0133,0.5,0.44,0.11975,2016.5
234,4,0.0909,13.7,15.2,14.3,0.835,0.3358,1.28,2.02,0.0171,0.6,0.1,0.1111,13.5,13.2,15.0,14.7,14.1,13.9,0.83,0.825,0.3308,0.3254,1.26,1.25,2.02,2.02,0.0163,0.0148,0.56,0.5,0.10674999999999998,2016.75
235,4,0.0833,13.6,15.1,14.2,0.832,0.3406,1.29,2.02,0.018,0.64,0.0909,0.1,13.7,13.5,15.2,15.0,14.3,14.1,0.835,0.83,0.3358,0.3308,1.28,1.26,2.02,2.02,0.0171,0.0163,0.6,0.56,0.096325,2017.0
236,4,0.0769,12.8,14.5,13.2,0.845,0.3,1.26,2.0,0.0278,1.0,0.0833,0.0909,13.6,13.7,15.1,15.2,14.2,14.3,0.832,0.835,0.3406,0.3358,1.29,1.28,2.02,2.02,0.018,0.0171,0.64,0.6,0.08777499999999999,2017.25
237,4,0.0714,13.0,14.7,13.4,0.85,0.3,1.27,1.97,0.0299,1.1,0.0769,0.0833,12.8,13.6,14.5,15.1,13.2,14.2,0.845,0.832,0.3,0.3406,1.26,1.29,2.0,2.02,0.0278,0.018,1.0,0.64,0.08062499999999999,2017.5
238,4,0.0667,13.2,14.9,13.6,0.855,0.3,1.28,1.94,0.0319,1.2,0.0714,0.0769,13.0,12.8,14.7,14.5,13.4,13.2,0.85,0.845,0.3,0.3,1.27,1.26,1.97,2.0,0.0299,0.0278,1.1,1.0,0.07457499999999999,2017.75
239,4,0.0663,13.1,14.8,13.5,0.852,0.3,1.29,1.91,0.0339,1.3,0.0667,0.0714,13.2,13.0,14.9,14.7,13.6,13.4,0.855,0.85,0.3,0.3,1.28,1.27,1.94,1.97,0.0319,0.0299,1.2,1.1,0.07032499999999998,2018.0
240,4,-0.05,13.3,15.0,13.7,0.857,0.3,1.31,1.88,0.0357,1.4,0.0663,0.0667,13.1,13.2,14.8,14.9,13.5,13.6,0.852,0.855,0.3,0.3,1.29,1.28,1.91,1.94,0.0339,0.0319,1.3,1.2,0.03859999999999998,2018.25
241,4,-0.0395,13.5,15.2,13.9,0.86,0.3,1.33,1.86,0.0375,1.5,-0.05,0.0663,13.3,13.1,15.0,14.8,13.7,13.5,0.857,0.852,0.3,0.3,1.31,1.29,1.88,1.91,0.0357,0.0339,1.4,1.3,0.010874999999999984,2018.5
242,4,0.0137,13.7,15.4,14.1,0.863,0.3,1.34,1.83,0.0392,1.6,-0.0395,-0.05,13.5,13.3,15.2,15.0,13.9,13.7,0.86,0.857,0.3,0.3,1.33,1.31,1.86,1.88,0.0375,0.0357,1.5,1.4,-0.002375000000000015,2018.75
243,4,-0.0541,13.6,15.3,14.0,0.861,0.3,1.35,1.81,0.0409,1.7,0.0137,-0.0395,13.7,13.5,15.4,15.2,14.1,13.9,0.863,0.86,0.3,0.3,1.34,1.33,1.83,1.86,0.0392,0.0375,1.6,1.5,-0.03247500000000002,2019.0
244,4,-0.0143,12.9,14.6,13.3,0.85,0.3,1.37,1.8,0.0262,1.1,-0.0541,0.0137,13.6,13.7,15.3,15.4,14.0,14.1,0.861,0.863,0.3,0.3,1.35,1.34,1.81,1.83,0.0409,0.0392,1.7,1.6,-0.023550000000000015,2019.25
245,4,-0.0435,13.1,14.8,13.5,0.855,0.3,1.38,1.8,0.0282,1.2,-0.0143,-0.0541,12.9,13.6,14.6,15.3,13.3,14.0,0.85,0.861,0.3,0.3,1.37,1.35,1.8,1.81,0.0262,0.0409,1.1,1.7,-0.024550000000000016,2019.5
246,4,-0.0152,13.3,15.0,13.7,0.86,0.3,1.39,1.81,0.0301,1.3,-0.0435,-0.0143,13.1,12.9,14.8,14.6,13.5,13.3,0.855,0.85,0.3,0.3,1.38,1.37,1.8,1.8,0.0282,0.0262,1.2,1.1,-0.03177500000000002,2019.75
247,4,-0.0462,13.2,14.9,13.6,0.858,0.3,1.4,1.81,0.032,1.4,-0.0152,-0.0435,13.3,13.1,15.0,14.8,13.7,13.5,0.86,0.855,0.3,0.3,1.39,1.38,1.81,1.8,0.0301,0.0282,1.3,1.2,-0.029800000000000014,2020.0
248,4,-0.5161,12.5,14.0,13.8,0.75,0.3,1.41,1.81,-0.0225,-1.0,-0.0462,-0.0152,13.2,13.3,14.9,15.0,13.6,13.7,0.858,0.86,0.3,0.3,1.4,1.39,1.81,1.81,0.032,0.0301,1.4,1.3,-0.15525,2020.25
249,4,0.3333,5.0,6.5,15.0,0.2,0.3,1.42,1.81,-0.0444,-2.0,-0.5161,-0.0462,12.5,13.2,14.0,14.9,13.8,13.6,0.75,0.858,0.3,0.3,1.41,1.4,1.81,1.81,-0.0225,0.032,-1.0,1.4,-0.06105000000000001,2020.5
250,4,-0.1,6.0,7.5,14.5,0.25,0.3,1.43,1.81,-0.0329,-1.5,0.3333,-0.5161,5.0,12.5,6.5,14.0,15.0,13.8,0.2,0.75,0.3,0.3,1.42,1.41,1.81,1.81,-0.0444,-0.0225,-2.0,-1.0,-0.08225,2020.75
251,4,-0.0556,7.0,8.5,14.0,0.3,0.3,1.43,1.82,-0.0108,-0.5,-0.1,0.3333,6.0,5.0,7.5,6.5,14.5,15.0,0.25,0.2,0.3,0.3,1.43,1.42,1.81,1.81,-0.0329,-0.0444,-1.5,-2.0,-0.08460000000000001,2021.0
252,4,0.1,9.5,11.0,12.5,0.65,0.1758,0.87,2.1,-0.0202,-1.21,-0.0556,-0.1,7.0,6.0,8.5,7.5,14.0,14.5,0.3,0.25,0.3,0.3,1.43,1.43,1.82,1.81,-0.0108,-0.0329,-0.5,-1.5,0.06942499999999999,2021.25
253,4,-0.0227,10.0,11.5,12.8,0.7,0.1758,0.87,2.1,-0.0202,-1.21,0.1,-0.0556,9.5,7.0,11.0,8.5,12.5,14.0,0.65,0.3,0.1758,0.3,0.87,1.43,2.1,1.82,-0.0202,-0.0108,-1.21,-0.5,-0.019575000000000006,2021.5
254,4,-0.0698,10.5,12.0,13.0,0.75,0.1758,0.87,2.1,-0.0202,-1.21,-0.0227,0.1,10.0,9.5,11.5,11.0,12.8,12.5,0.7,0.65,0.1758,0.1758,0.87,0.87,2.1,2.1,-0.0202,-0.0202,-1.21,-1.21,-0.012025000000000004,2021.75
255,4,-0.05,11.0,12.5,13.2,0.8,0.1758,0.87,2.1,-0.0202,-1.21,-0.0698,-0.0227,10.5,10.0,12.0,11.5,13.0,12.8,0.75,0.7,0.1758,0.1758,0.87,0.87,2.1,2.1,-0.0202,-0.0202,-1.21,-1.21,-0.010625000000000006,2022.0
256,4,-0.0263,11.5,13.0,13.5,0.82,0.1758,0.87,2.1,-0.0202,-1.21,-0.05,-0.0698,11.0,10.5,12.5,12.0,13.2,13.0,0.8,0.75,0.1758,0.1758,0.87,0.87,2.1,2.1,-0.0202,-0.0202,-1.21,-1.21,-0.0422,2022.25
257,4,-0.0811,12.0,13.5,13.8,0.84,0.1758,0.87,2.1,-0.0202,-1.21,-0.0263,-0.05,11.5,11.0,13.0,12.5,13.5,13.2,0.82,0.8,0.1758,0.1758,0.87,0.87,2.1,2.1,-0.0202,-0.0202,-1.21,-1.21,-0.0568,2022.5
258,4,-0.0294,12.5,14.0,14.0,0.85,0.1758,0.87,2.1,-0.0202,-1.21,-0.0811,-0.0263,12.0,11.5,13.5,13.0,13.8,13.5,0.84,0.82,0.1758,0.1758,0.87,0.87,2.1,2.1,-0.0202,-0.0202,-1.21,-1.21,-0.04670000000000001,2022.75
259,4,-0.0909,13.0,14.5,14.2,0.86,0.1758,0.87,2.1,-0.0202,-1.21,-0.0294,-0.0811,12.5,12.0,14.0,13.5,14.0,13.8,0.85,0.84,0.1758,0.1758,0.87,0.87,2.1,2.1,-0.0202,-0.0202,-1.21,-1.21,-0.056925,2023.0
260,4,0.0667,12.0,13.5,14.0,0.8,0.1906,0.82,2.12,-0.0393,-1.97,-0.0909,-0.0294,13.0,12.5,14.5,14.0,14.2,14.0,0.86,0.85,0.1758,0.1758,0.87,0.87,2.1,2.1,-0.0202,-0.0202,-1.21,-1.21,-0.03367500000000001,2023.25
261,4,0.0938,12.5,14.0,14.2,0.82,0.1897,0.84,2.1,-0.0314,-1.6,0.0667,-0.0909,12.0,13.0,13.5,14.5,14.0,14.2,0.8,0.86,0.1906,0.1758,0.82,0.87,2.12,2.1,-0.0393,-0.0202,-1.97,-1.21,0.010049999999999993,2023.5
262,4,0.0286,13.0,14.5,14.5,0.84,0.1833,0.85,2.08,-0.0269,-1.4,0.0938,0.0667,12.5,12.0,14.0,13.5,14.2,14.0,0.82,0.8,0.1897,0.1906,0.84,0.82,2.1,2.12,-0.0314,-0.0393,-1.6,-1.97,0.024549999999999992,2023.75
263,4,0.0,13.5,15.0,14.8,0.85,0.1774,0.87,2.07,-0.0226,-1.2,0.0286,0.0938,13.0,12.5,14.5,14.0,14.5,14.2,0.84,0.82,0.1833,0.1897,0.85,0.84,2.08,2.1,-0.0269,-0.0314,-1.4,-1.6,0.04727499999999999,2024.0
132,5,0.125,12.63,13.68,11.57,0.7895,0.2692,1.33,0.36,0.0048,0.17,0.0,0.0,0.0,0.0,0.0,0.0,0.0,0.0,0.0,0.0,0.0,0.0,0.0,0.0,0.0,0.0,0.0,0.0,0.0,0.0,0.0,2013.25
133,5,0.0556,12.5,14.0,11.5,0.8,0.2714,1.31,0.38,0.0056,0.19,0.125,0.0,12.63,0.0,13.68,0.0,11.57,0.0,0.7895,0.0,0.2692,0.0,1.33,0.0,0.36,0.0,0.0048,0.0,0.17,0.0,0.0,2013.5
134,5,0.0256,12.38,14.28,11.4,0.8095,0.2667,1.29,0.39,0.0065,0.22,0.0556,0.125,12.5,12.63,14.0,13.68,11.5,11.57,0.8,0.7895,0.2714,0.2692,1.31,1.33,0.38,0.36,0.0056,0.0048,0.19,0.17,0.0,2013.75
135,5,0.05,12.27,14.54,11.81,0.8182,0.2625,1.28,0.4,0.0073,0.25,0.0256,0.0556,12.38,12.5,14.28,14.0,11.4,11.5,0.8095,0.8,0.2667,0.2714,1.29,1.31,0.39,0.38,0.0065,0.0056,0.22,0.19,0.06405,2014.0
136,5,0.0455,12.17,14.38,11.3,0.7826,0.2121,1.32,0.39,0.0084,0.3,0.05,0.0256,12.27,12.38,14.54,14.28,11.81,11.4,0.8182,0.8095,0.2625,0.2667,1.28,1.29,0.4,0.39,0.0073,0.0065,0.25,0.22,0.044175,2014.25
137,5,0.0435,12.5,14.58,11.66,0.7917,0.2171,1.3,0.38,0.0096,0.36,0.0455,0.05,12.17,12.27,14.38,14.54,11.3,11.81,0.7826,0.8182,0.2121,0.2625,1.32,1.28,0.39,0.4,0.0084,0.0073,0.3,0.25,0.04115,2014.5
138,5,0.0417,12.8,14.8,11.6,0.8,0.227,1.29,0.38,0.0108,0.41,0.0435,0.0455,12.5,12.17,14.58,14.38,11.66,11.3,0.7917,0.7826,0.2171,0.2121,1.3,1.32,0.38,0.39,0.0096,0.0084,0.36,0.3,0.04517499999999999,2014.75
139,5,0.04,13.07,15.38,12.3,0.8077,0.225,1.27,0.4,0.0119,0.46,0.0417,0.0435,12.8,12.5,14.8,14.58,11.6,11.66,0.8,0.7917,0.227,0.2171,1.29,1.3,0.38,0.38,0.0108,0.0096,0.41,0.36,0.042675,2015.0
140,5,0.0385,11.71,14.06,10.93,0.7813,0.2222,1.33,0.38,0.0092,0.36,0.04,0.0417,13.07,12.8,15.38,14.8,12.3,11.6,0.8077,0.8,0.225,0.227,1.27,1.29,0.4,0.38,0.0119,0.0108,0.46,0.41,0.040924999999999996,2015.25
141,5,0.037,12.3,14.61,11.15,80.3,0.2368,1.32,0.23,0.0104,0.42,0.0385,0.04,11.71,13.07,14.06,15.38,10.93,12.3,0.7813,0.8077,0.2222,0.225,1.33,1.27,0.38,0.4,0.0092,0.0119,0.36,0.46,0.0393,2015.5
142,5,0.0357,12.87,15.9,11.74,0.8333,0.2143,1.35,0.39,0.0116,0.47,0.037,0.0385,12.3,11.71,14.61,14.06,11.15,10.93,80.3,0.7813,0.2368,0.2222,1.32,1.33,0.23,0.38,0.0104,0.0092,0.42,0.36,0.0378,2015.75
143,5,0.0345,13.33,16.29,11.85,0.8667,0.2727,1.38,0.39,0.0129,0.51,0.0357,0.037,12.87,12.3,15.9,14.61,11.74,11.15,0.8333,80.3,0.2143,0.2368,1.35,1.32,0.39,0.23,0.0116,0.0104,0.47,0.42,0.036425,2016.0
144,5,0.0333,11.35,12.43,9.73,0.831,0.352,0.01,0.41,0.0863,0.61,0.0345,0.0357,13.33,12.87,16.29,15.9,11.85,11.74,0.8667,0.8333,0.2727,0.2143,1.38,1.35,0.39,0.39,0.0129,0.0116,0.51,0.47,0.035125,2016.25
145,5,0.0323,11.19,12.43,9.62,0.852,0.338,0.01,0.41,0.0868,0.53,0.0333,0.0345,11.35,13.33,12.43,16.29,9.73,11.85,0.831,0.8667,0.352,0.2727,0.01,1.38,0.41,0.39,0.0863,0.0129,0.61,0.51,0.03395,2016.5
146,5,0.125,11.19,12.44,9.83,0.863,0.345,0.01,0.41,0.0846,0.58,0.0323,0.0333,11.19,11.35,12.43,12.43,9.62,9.73,0.852,0.831,0.338,0.352,0.01,0.01,0.41,0.41,0.0868,0.0863,0.53,0.61,0.056275000000000006,2016.75
147,5,0.1667,11.2,12.44,10.19,0.847,0.317,0.61,0.31,0.0777,0.41,0.125,0.0323,11.19,11.19,12.44,12.43,9.83,9.62,0.863,0.852,0.345,0.338,0.01,0.01,0.41,0.41,0.0846,0.0868,0.58,0.53,0.089325,2017.0
148,5,-0.0602,11.28,12.43,10.73,0.833,0.4634,0.22,0.33,0.0636,0.25,0.1667,0.125,11.2,11.19,12.44,12.44,10.19,9.83,0.847,0.863,0.317,0.345,0.61,0.01,0.31,0.41,0.0777,0.0846,0.41,0.58,0.06595000000000001,2017.25
149,5,0.0769,11.28,12.93,10.45,0.852,0.5532,0.35,0.32,0.0661,0.63,-0.0602,0.1667,11.28,11.2,12.43,12.44,10.73,10.19,0.833,0.847,0.4634,0.317,0.22,0.61,0.33,0.31,0.0636,0.0777,0.25,0.41,0.0771,2017.5
150,5,0.131,11.28,12.43,10.5,0.855,0.5579,0.0,0.3,0.0641,0.56,0.0769,-0.0602,11.28,11.28,12.93,12.43,10.45,10.73,0.852,0.833,0.5532,0.4634,0.35,0.22,0.32,0.33,0.0661,0.0636,0.63,0.25,0.0786,2017.75
151,5,0.2316,11.28,12.66,11.29,0.847,0.5353,0.54,0.25,0.1185,2.03,0.131,0.0769,11.28,11.28,12.43,12.93,10.5,10.45,0.855,0.852,0.5579,0.5532,0.0,0.35,0.3,0.32,0.0641,0.0661,0.56,0.63,0.094825,2018.0
152,5,-0.0688,12.06,12.3,11.28,0.835,0.392,0.0,0.3,0.1176,0.27,0.2316,0.131,11.28,11.28,12.66,12.43,11.29,10.5,0.847,0.855,0.5353,0.5579,0.54,0.0,0.25,0.3,0.1185,0.0641,2.03,0.56,0.09267500000000001,2018.25
153,5,-0.0959,12.3,13.4,10.45,0.857,0.439,0.56,0.29,0.0834,0.38,-0.0688,0.2316,12.06,11.28,12.3,12.66,11.28,11.29,0.835,0.847,0.392,0.5353,0.0,0.54,0.3,0.25,0.1176,0.1185,0.27,2.03,0.049475000000000005,2018.5
154,5,0.0132,12.8,13.7,10.5,0.851,0.443,0.57,0.3,0.0691,0.16,-0.0959,-0.0688,12.3,12.06,13.4,12.3,10.45,11.28,0.857,0.835,0.439,0.392,0.56,0.0,0.29,0.3,0.0834,0.1176,0.38,0.27,0.020025000000000008,2018.75
155,5,-0.176,13.0,13.7,11.29,0.843,0.444,0.52,0.33,0.0184,0.5,0.0132,-0.0959,12.8,12.3,13.7,13.4,10.5,10.45,0.851,0.857,0.443,0.439,0.57,0.56,0.3,0.29,0.0691,0.0834,0.16,0.38,-0.08187499999999999,2019.0
156,5,0.0135,11.5,12.5,11.29,0.825,0.3718,0.5,0.31,0.003,0.14,-0.176,0.0132,13.0,12.8,13.7,13.7,11.29,10.5,0.843,0.851,0.444,0.443,0.52,0.57,0.33,0.3,0.0184,0.0691,0.5,0.16,-0.06129999999999998,2019.25
157,5,0.04,12.3,13.0,10.45,0.85,0.4104,0.48,0.3,0.013,0.6,0.0135,-0.176,11.5,13.0,12.5,13.7,11.29,11.29,0.825,0.843,0.3718,0.444,0.5,0.52,0.31,0.33,0.003,0.0184,0.14,0.5,-0.027324999999999988,2019.5
158,5,0.0641,12.8,13.2,10.5,0.846,0.424,0.5,0.32,0.014,0.63,0.04,0.0135,12.3,11.5,13.0,12.5,10.45,11.29,0.85,0.825,0.4104,0.3718,0.48,0.5,0.3,0.31,0.013,0.003,0.6,0.14,-0.014599999999999988,2019.75
159,5,0.0602,13.0,12.8,11.29,0.836,0.4157,0.64,0.33,0.012,0.55,0.0641,0.04,12.8,12.3,13.2,13.0,10.5,10.45,0.846,0.85,0.424,0.4104,0.5,0.48,0.32,0.3,0.014,0.013,0.63,0.6,0.04445000000000001,2020.0
160,5,-51.05,12.0,14.8,13.02,0.696,0.1196,0.58,0.91,0.0221,-0.97,0.0602,0.0641,13.0,12.8,12.8,13.2,11.29,10.5,0.836,0.846,0.4157,0.424,0.64,0.5,0.33,0.32,0.012,0.014,0.55,0.63,-12.721425,2020.25
161,5,0.1828,8.7,12.4,29.0,0.33,-0.277,0.93,1.28,-0.0194,-1.18,-51.05,0.0602,12.0,13.0,14.8,12.8,13.02,11.29,0.696,0.836,0.1196,0.4157,0.58,0.64,0.91,0.33,0.0221,0.012,-0.97,0.55,-12.685725,2020.5
162,5,0.1364,9.9,14.8,15.0,0.429,-0.8882,1.21,1.21,-0.0634,-1.44,0.1828,-51.05,8.7,12.0,12.4,14.8,29.0,13.02,0.33,0.696,-0.277,0.1196,0.93,0.58,1.28,0.91,-0.0194,0.0221,-1.18,-0.97,-12.66765,2020.75
163,5,0.12,10.1,13.7,14.0,0.584,-0.4456,1.22,1.35,-0.1018,-1.29,0.1364,0.1828,9.9,8.7,14.8,12.4,15.0,29.0,0.429,0.33,-0.8882,-0.277,1.21,0.93,1.21,1.28,-0.0634,-0.0194,-1.44,-1.18,-12.6527,2021.0
164,5,0.1218,11.5,9.83,14.0,0.663,0.3844,1.13,1.4,-0.0978,-1.48,0.12,0.1364,10.1,9.9,13.7,14.8,14.0,15.0,0.584,0.429,-0.4456,-0.8882,1.22,1.21,1.35,1.21,-0.1018,-0.0634,-1.29,-1.44,0.14024999999999999,2021.25
165,5,-0.1112,16.4,12.41,12.0,0.79,0.4643,1.04,1.35,-0.0691,-0.65,0.1218,0.12,11.5,10.1,9.83,13.7,14.0,14.0,0.663,0.584,0.3844,-0.4456,1.13,1.22,1.4,1.35,-0.0978,-0.1018,-1.48,-1.29,0.06675,2021.5
166,5,-0.1547,13.0,12.6,12.84,0.799,0.5173,1.02,1.3,-0.0307,-0.12,-0.1112,0.1218,16.4,11.5,12.41,9.83,12.0,14.0,0.79,0.663,0.4643,0.3844,1.04,1.13,1.35,1.4,-0.0691,-0.0978,-0.65,-1.48,-0.006025000000000003,2021.75
167,5,0.1125,17.9,12.5,12.84,0.754,0.538,0.93,1.25,-0.013,-0.36,-0.1547,-0.1112,13.0,16.4,12.6,12.41,12.84,12.0,0.799,0.79,0.5173,0.4643,1.02,1.04,1.3,1.35,-0.0307,-0.0691,-0.12,-0.65,-0.0079,2022.0
168,5,-0.0417,10.42,10.0,14.0,0.813,0.0138,0.8,-0.79,-0.0136,-0.79,0.1125,-0.1547,17.9,13.0,12.5,12.6,12.84,12.84,0.754,0.799,0.538,0.5173,0.93,1.02,1.25,1.3,-0.013,-0.0307,-0.36,-0.12,-0.048775,2022.25
169,5,-0.3597,12.5,12.5,12.0,0.79,0.146,0.72,-0.58,-0.0321,-0.59,-0.0417,0.1125,10.42,17.9,10.0,12.5,14.0,12.84,0.813,0.754,0.0138,0.538,0.8,0.93,-0.79,1.25,-0.0136,-0.013,-0.79,-0.36,-0.1109,2022.5
170,5,-0.2397,13.0,13.0,12.84,0.826,0.2248,0.65,0.18,-0.0379,0.18,-0.3597,-0.0417,12.5,10.42,12.5,10.0,12.0,14.0,0.79,0.813,0.146,0.0138,0.72,0.8,-0.58,-0.79,-0.0321,-0.0136,-0.59,-0.79,-0.13215,2022.75
171,5,-0.165,14.08,14.0,12.84,0.832,0.2148,0.49,0.07,-0.027,0.07,-0.2397,-0.3597,13.0,12.5,13.0,12.5,12.84,12.0,0.826,0.79,0.2248,0.146,0.65,0.72,0.18,-0.58,-0.0379,-0.0321,0.18,-0.59,-0.201525,2023.0
172,5,-0.144,10.42,10.0,14.01,0.813,0.25,0.5,3.34,-0.0136,-0.34,-0.165,-0.2397,14.08,13.0,14.0,13.0,12.84,12.84,0.832,0.826,0.2148,0.2248,0.49,0.65,0.07,0.18,-0.027,-0.0379,0.07,0.18,-0.2271,2023.25
173,5,-0.144,12.56,12.5,12.05,0.79,0.225,0.55,1.31,-0.0321,0.45,-0.144,-0.165,10.42,14.08,10.0,14.0,14.01,12.84,0.813,0.832,0.25,0.2148,0.5,0.49,3.34,0.07,-0.0136,-0.027,-0.34,0.07,-0.17317499999999997,2023.5
174,5,-0.1058,13.0,13.0,12.86,0.826,0.25,0.5,1.23,-0.0379,-0.46,-0.144,-0.144,12.56,10.42,12.5,10.0,12.05,14.01,0.79,0.813,0.225,0.25,0.55,0.5,1.31,3.34,-0.0321,-0.0136,0.45,-0.34,-0.1397,2023.75
175,5,-0.145,14.78,14.0,12.84,0.832,0.25,0.57,1.25,-0.027,-0.19,-0.1058,-0.144,13.0,12.56,13.0,12.5,12.86,12.05,0.826,0.79,0.25,0.225,0.5,0.55,1.23,1.31,-0.0379,-0.0321,-0.46,0.45,-0.1347,2024.0
88,6,0.04,11.3,10.5,11.67,0.8053,0.1945,0.75,1.1,0.012,0.07,0.0,0.0,0.0,0.0,0.0,0.0,0.0,0.0,0.0,0.0,0.0,0.0,0.0,0.0,0.0,0.0,0.0,0.0,0.0,0.0,0.0,2013.25
89,6,0.1154,12.4,11.7,12.3,0.817,0.2565,0.76,1.1,0.025,0.38,0.04,0.0,11.3,0.0,10.5,0.0,11.67,0.0,0.8053,0.0,0.1945,0.0,0.75,0.0,1.1,0.0,0.012,0.0,0.07,0.0,0.0,2013.5
90,6,0.0345,12.67,12.6,13.23,0.8257,0.2576,0.77,1.1,0.028,0.34,0.1154,0.04,12.4,11.3,11.7,10.5,12.3,11.67,0.817,0.8053,0.2565,0.1945,0.76,0.75,1.1,1.1,0.025,0.012,0.38,0.07,0.0,2013.75
91,6,0.0667,13.45,13.2,12.5,0.8324,0.2713,0.7,1.1,0.027,0.33,0.0345,0.1154,12.67,12.4,12.6,11.7,13.23,12.3,0.8257,0.817,0.2576,0.2565,0.77,0.76,1.1,1.1,0.028,0.025,0.34,0.38,0.06415,2014.0
92,6,0.0938,14.58,11.8,12.74,0.799,0.1822,0.68,1.1,0.015,0.18,0.0667,0.0345,13.45,12.67,13.2,12.6,12.5,13.23,0.8324,0.8257,0.2713,0.2576,0.7,0.77,1.1,1.1,0.027,0.028,0.33,0.34,0.0776,2014.25
93,6,0.0286,15.67,12.2,12.42,0.839,0.2686,0.69,1.1,0.03,0.7,0.0938,0.0667,14.58,13.45,11.8,13.2,12.74,12.5,0.799,0.8324,0.1822,0.2713,0.68,0.7,1.1,1.1,0.015,0.027,0.18,0.33,0.0559,2014.5
94,6,0.0556,15.9,12.6,13.25,0.831,0.251,0.71,1.1,0.032,0.55,0.0286,0.0938,15.67,14.58,12.2,11.8,12.42,12.74,0.839,0.799,0.2686,0.1822,0.69,0.68,1.1,1.1,0.03,0.015,0.7,0.18,0.06117499999999999,2014.75
95,6,0.0526,22.98,13.2,15.65,0.82,0.269,0.61,1.1,0.035,0.59,0.0556,0.0286,15.9,15.67,12.6,12.2,13.25,12.42,0.831,0.839,0.251,0.2686,0.71,0.69,1.1,1.1,0.032,0.03,0.55,0.7,0.05765,2015.0
96,6,0.15,35.4,40.2,32.0,0.8,0.375,1.33,1.0,0.015,0.5,0.0526,0.0556,22.98,15.9,13.2,12.6,15.65,13.25,0.82,0.831,0.269,0.251,0.61,0.71,1.1,1.1,0.035,0.032,0.59,0.55,0.07169999999999999,2015.25
97,6,0.1333,34.55,38.18,31.82,0.8182,0.3333,1.39,1.0,0.0159,0.58,0.15,0.0526,35.4,22.98,40.2,13.2,32.0,15.65,0.8,0.82,0.375,0.269,1.33,0.61,1.0,1.1,0.015,0.035,0.5,0.59,0.097875,2015.5
98,6,0.12,33.33,37.5,31.67,0.8333,0.3333,1.5,1.2,0.0163,0.625,0.1333,0.15,34.55,35.4,38.18,40.2,31.82,32.0,0.8182,0.8,0.3333,0.375,1.39,1.33,1.0,1.0,0.0159,0.015,0.58,0.5,0.11397499999999999,2015.75
99,6,0.1091,33.08,36.92,30.77,0.8462,0.2708,1.28,1.0,0.0167,0.67,0.12,0.1333,33.33,34.55,37.5,38.18,31.67,31.82,0.8333,0.8182,0.3333,0.3333,1.5,1.39,1.2,1.0,0.0163,0.0159,0.625,0.58,0.1281,2016.0
100,6,0.1167,33.33,37.04,31.11,0.8519,0.24,1.17,1.13,0.0163,0.67,0.1091,0.12,33.08,33.33,36.92,37.5,30.77,31.67,0.8462,0.8333,0.2708,0.3333,1.28,1.5,1.0,1.2,0.0167,0.0163,0.67,0.625,0.11977499999999999,2016.25
101,6,0.0923,32.86,37.14,30.71,0.8571,0.25,1.16,1.17,0.0168,0.7,0.1167,0.1091,33.33,33.08,37.04,36.92,31.11,30.77,0.8519,0.8462,0.24,0.2708,1.17,1.28,1.13,1.0,0.0163,0.0167,0.67,0.67,0.109525,2016.5
102,6,0.0857,33.1,37.93,30.34,0.8621,0.2727,1.15,1.22,0.0169,0.72,0.0923,0.1167,32.86,33.33,37.14,37.04,30.71,31.11,0.8571,0.8519,0.25,0.24,1.16,1.17,1.17,1.13,0.0168,0.0163,0.7,0.67,0.10095,2016.75
103,6,0.08,33.33,38.16,30.61,0.8844,0.25,1.14,1.26,0.0173,0.743,0.0857,0.0923,33.1,32.86,37.93,37.14,30.34,30.71,0.8621,0.8571,0.2727,0.25,1.15,1.16,1.22,1.17,0.0169,0.0168,0.72,0.7,0.093675,2017.0
104,6,0.0641,34.4,38.0,30.67,0.9,0.2456,1.14,1.35,0.0175,0.754,0.08,0.0857,33.33,33.1,38.16,37.93,30.61,30.34,0.8844,0.8621,0.25,0.2727,1.14,1.15,1.26,1.22,0.0173,0.0169,0.743,0.72,0.080525,2017.25
105,6,0.075,33.55,38.0,30.97,0.9032,0.2339,1.16,1.35,0.0176,0.773,0.0641,0.08,34.4,33.33,38.0,38.16,30.67,30.61,0.9,0.8844,0.2456,0.25,1.14,1.14,1.35,1.26,0.0175,0.0173,0.754,0.743,0.0762,2017.5
106,6,0.0706,34.38,38.75,31.25,0.9125,0.2258,1.2,1.39,0.0182,0.806,0.075,0.0641,33.55,34.4,38.0,38.0,30.97,30.67,0.9032,0.9,0.2339,0.2456,1.16,1.14,1.35,1.35,0.0176,0.0175,0.773,0.754,0.072425,2017.75
107,6,0.0667,33.94,38.79,30.91,0.9091,0.2188,1.125,1.43,0.0186,0.832,0.0706,0.075,34.38,33.55,38.75,38.0,31.25,30.97,0.9125,0.9032,0.2258,0.2339,1.2,1.16,1.39,1.35,0.0182,0.0176,0.806,0.773,0.0691,2018.0
108,6,0.0435,33.93,38.69,30.25,0.9048,0.2308,1.15,1.43,0.0184,0.833,0.0667,0.0706,33.94,34.38,38.79,38.75,30.91,31.25,0.9091,0.9125,0.2188,0.2258,1.125,1.2,1.43,1.39,0.0186,0.0182,0.832,0.806,0.06394999999999999,2018.25
109,6,0.0417,34.36,40.69,31.98,0.9302,0.2714,1.14,1.41,0.0195,0.897,0.0435,0.0667,33.93,33.94,38.69,38.79,30.25,30.91,0.9048,0.9091,0.2308,0.2188,1.15,1.125,1.43,1.43,0.0184,0.0186,0.833,0.832,0.055624999999999994,2018.5
110,6,0.0306,34.29,41.14,32.57,0.9314,0.2639,1.16,1.39,0.0198,0.9297,0.0417,0.0435,34.36,33.93,40.69,38.69,31.98,30.25,0.9302,0.9048,0.2714,0.2308,1.14,1.15,1.41,1.43,0.0195,0.0184,0.897,0.833,0.04562499999999999,2018.75
111,6,0.0396,35.0,41.67,32.78,0.9333,0.2667,1.16,1.41,0.025,0.9619,0.0306,0.0417,34.29,34.36,41.14,40.69,32.57,31.98,0.9314,0.9302,0.2639,0.2714,1.16,1.14,1.39,1.41,0.0198,0.0195,0.9297,0.897,0.038849999999999996,2019.0
112,6,0.103,12.0,12.9,9.625,0.8,0.2524,1.67,0.67,0.02,0.83,0.0396,0.0306,35.0,34.29,41.67,41.14,32.78,32.57,0.9333,0.9314,0.2667,0.2639,1.16,1.16,1.41,1.39,0.025,0.0198,0.9619,0.9297,0.053724999999999995,2019.25
113,6,0.0572,11.9,13.095,9.65,0.8214,0.2636,1.68,0.67,0.0216,0.92,0.103,0.0396,12.0,35.0,12.9,41.67,9.625,32.78,0.8,0.9333,0.2524,0.2667,1.67,1.16,0.67,1.41,0.02,0.025,0.83,0.9619,0.0576,2019.5
114,6,0.0362,11.93,13.78,9.43,0.825,0.2783,1.66,0.68,0.0231,1.0,0.0572,0.103,11.9,12.0,13.095,12.9,9.65,9.625,0.8214,0.8,0.2636,0.2524,1.68,1.67,0.67,0.67,0.0216,0.02,0.92,0.83,0.059,2019.75
115,6,0.0358,12.93,13.23,9.41,0.824,0.2768,1.64,0.69,0.0215,0.95,0.0362,0.0572,11.93,11.9,13.78,13.095,9.43,9.65,0.825,0.8214,0.2783,0.2636,1.66,1.68,0.68,0.67,0.0231,0.0216,1.0,0.92,0.05805,2020.0
116,6,-0.2742,10.667,11.67,9.0,0.6,0.2286,1.41,0.79,0.0058,0.25,0.0358,0.0362,12.93,11.93,13.23,13.78,9.41,9.43,0.824,0.825,0.2768,0.2783,1.64,1.66,0.69,0.68,0.0215,0.0231,0.95,1.0,-0.036250000000000004,2020.25
117,6,-0.1111,9.33,10.67,12.0,0.5,-0.125,1.29,0.89,-0.0115,-0.5,-0.2742,0.0358,10.667,12.93,11.67,13.23,9.0,9.41,0.6,0.824,0.2286,0.2768,1.41,1.64,0.79,0.69,0.0058,0.0215,0.25,0.95,-0.078325,2020.5
118,6,0.125,11.36,12.72,10.45,0.6364,0.1786,1.31,0.93,0.0077,0.33,-0.1111,-0.2742,9.33,10.667,10.67,11.67,12.0,9.0,0.5,0.6,-0.125,0.2286,1.29,1.41,0.89,0.79,-0.0115,0.0058,-0.5,0.25,-0.056125,2020.75
119,6,0.1111,10.35,11.42,8.5,0.6429,0.25,1.31,0.96,0.0154,0.67,0.125,-0.1111,11.36,9.33,12.72,10.67,10.45,12.0,0.6364,0.5,0.1786,-0.125,1.31,1.29,0.93,0.89,0.0077,-0.0115,0.33,-0.5,-0.03730000000000001,2021.0
120,6,0.04,10.67,11.67,8.3,0.6667,0.2857,1.33,0.97,0.0189,0.83,0.1111,0.125,10.35,11.36,11.42,12.72,8.5,10.45,0.6429,0.6364,0.25,0.1786,1.31,1.31,0.96,0.93,0.0154,0.0077,0.67,0.33,0.041249999999999995,2021.25
121,6,0.0577,12.57,13.71,8.5,0.8,0.3125,1.35,0.93,0.0296,1.33,0.04,0.1111,10.67,10.35,11.67,11.42,8.3,8.5,0.6667,0.6429,0.2857,0.25,1.33,1.31,0.97,0.96,0.0189,0.0154,0.83,0.67,0.08345,2021.5
122,6,0.0545,13.15,14.47,9.7,0.8421,0.3273,1.39,0.9,0.0364,1.67,0.0577,0.04,12.57,10.67,13.71,11.67,8.5,8.3,0.8,0.6667,0.3125,0.2857,1.35,1.33,0.93,0.97,0.0296,0.0189,1.33,0.83,0.065825,2021.75
123,6,0.0345,13.25,14.5,9.2,0.875,0.3448,1.38,0.86,0.0429,2.0,0.0545,0.0577,13.15,12.57,14.47,13.71,9.7,8.5,0.8421,0.8,0.3273,0.3125,1.39,1.35,0.9,0.93,0.0364,0.0296,1.67,1.33,0.046674999999999994,2022.0
124,6,0.05,13.61,14.44,10.27,0.8333,0.2885,1.33,0.86,0.0321,1.5,0.0345,0.0545,13.25,13.15,14.5,14.47,9.2,9.7,0.875,0.8421,0.3448,0.3273,1.38,1.39,0.86,0.9,0.0429,0.0364,2.0,1.67,0.049174999999999996,2022.25
125,6,0.0476,13.57,14.52,9.2,0.8571,0.3607,1.38,0.81,0.0448,2.17,0.05,0.0345,13.61,13.25,14.44,14.5,10.27,9.2,0.8333,0.875,0.2885,0.3448,1.33,1.38,0.86,0.86,0.0321,0.0429,1.5,2.0,0.04665,2022.5
126,6,0.0303,13.56,14.22,8.8,0.8889,0.375,1.41,0.77,0.05,2.5,0.0476,0.05,13.57,13.61,14.52,14.44,9.2,10.27,0.8571,0.8333,0.3607,0.2885,1.38,1.33,0.81,0.86,0.0448,0.0321,2.17,1.5,0.0406,2022.75
127,6,0.0294,13.91,14.34,8.6,0.913,0.3939,1.43,0.72,0.0516,2.67,0.0303,0.0476,13.56,13.57,14.22,14.52,8.8,9.2,0.8889,0.8571,0.375,0.3607,1.41,1.38,0.77,0.81,0.05,0.0448,2.5,2.17,0.03932499999999999,2023.0
128,6,0.022,13.78,0.141,0.181,0.9,0.1171,1.59,0.78,0.0181,-0.27,0.0294,0.0303,13.91,13.56,14.34,14.22,8.6,8.8,0.913,0.8889,0.3939,0.375,1.43,1.41,0.72,0.77,0.0516,0.05,2.67,2.5,0.03232499999999999,2023.25
129,6,0.0,14.26,0.145,0.185,0.904,0.2488,1.87,0.98,0.0162,1.08,0.022,0.0294,13.78,13.91,0.141,14.34,0.181,8.6,0.9,0.913,0.1171,0.3939,1.59,1.43,0.78,0.72,0.0181,0.0516,-0.27,2.67,0.020424999999999992,2023.5
130,6,0.0,14.4,0.1489,0.173,0.903,0.1648,1.94,0.7,0.0138,0.31,0.0,0.022,14.26,13.78,0.145,0.141,0.185,0.181,0.904,0.9,0.2488,0.1171,1.87,1.59,0.98,0.78,0.0162,0.0181,1.08,-0.27,0.012849999999999993,2023.75
131,6,0.0,14.25,0.1378,0.18,0.9,0.1066,2.0,0.83,0.012,-0.36,0.0,0.0,14.4,14.26,0.1489,0.145,0.173,0.185,0.903,0.904,0.1648,0.2488,1.94,1.87,0.7,0.98,0.0138,0.0162,0.31,1.08,0.005499999999999993,2024.0
264,7,0.1429,11.45,11.94,10.2,0.842,0.3,1.93,1.5,0.02,0.6,0.0,0.0,0.0,0.0,0.0,0.0,0.0,0.0,0.0,0.0,0.0,0.0,0.0,0.0,0.0,0.0,0.0,0.0,0.0,0.0,0.0,2013.25
265,7,0.125,11.5,12.0,10.25,0.85,0.3,1.9,1.51,0.0209,0.64,0.1429,0.0,11.45,0.0,11.94,0.0,10.2,0.0,0.842,0.0,0.3,0.0,1.93,0.0,1.5,0.0,0.02,0.0,0.6,0.0,0.0,2013.5
266,7,0.1111,11.55,12.05,10.3,0.855,0.3,1.87,1.52,0.0224,0.7,0.125,0.1429,11.5,11.45,12.0,11.94,10.25,10.2,0.85,0.842,0.3,0.3,1.9,1.93,1.51,1.5,0.0209,0.02,0.64,0.6,0.0,2013.75
267,7,0.1,11.6,12.1,10.35,0.86,0.3,1.84,1.52,0.0239,0.76,0.1111,0.125,11.55,11.5,12.05,12.0,10.3,10.25,0.855,0.85,0.3,0.3,1.87,1.9,1.52,1.51,0.0224,0.0209,0.7,0.64,0.11975,2014.0
268,7,0.0909,11.65,12.15,10.4,0.865,0.3,1.81,1.53,0.0247,0.8,0.1,0.1111,11.6,11.55,12.1,12.05,10.35,10.3,0.86,0.855,0.3,0.3,1.84,1.87,1.52,1.52,0.0239,0.0224,0.76,0.7,0.10675,2014.25
269,7,0.0833,11.7,12.2,10.45,0.87,0.3,1.79,1.54,0.0255,0.84,0.0909,0.1,11.65,11.6,12.15,12.1,10.4,10.35,0.865,0.86,0.3,0.3,1.81,1.84,1.53,1.52,0.0247,0.0239,0.8,0.76,0.09632500000000001,2014.5
270,7,0.0769,11.75,12.25,10.5,0.875,0.3,1.76,1.55,0.0268,0.9,0.0833,0.0909,11.7,11.65,12.2,12.15,10.45,10.4,0.87,0.865,0.3,0.3,1.79,1.81,1.54,1.53,0.0255,0.0247,0.84,0.8,0.08777499999999999,2014.75
271,7,0.0714,11.8,12.3,10.55,0.88,0.3,1.74,1.55,0.0281,0.96,0.0769,0.0833,11.75,11.7,12.25,12.2,10.5,10.45,0.875,0.87,0.3,0.3,1.76,1.79,1.55,1.54,0.0268,0.0255,0.9,0.84,0.080625,2015.0
272,7,0.0667,9.85,10.5,8.75,0.85,0.3,1.68,1.43,0.0294,1.0,0.0714,0.0769,11.8,11.75,12.3,12.25,10.55,10.5,0.88,0.875,0.3,0.3,1.74,1.76,1.55,1.55,0.0281,0.0268,0.96,0.9,0.074575,2015.25
273,7,0.0625,9.9,10.55,8.8,0.855,0.3,1.66,1.44,0.0301,1.04,0.0667,0.0714,9.85,11.8,10.5,12.3,8.75,10.55,0.85,0.88,0.3,0.3,1.68,1.74,1.43,1.55,0.0294,0.0281,1.0,0.96,0.06937499999999999,2015.5
274,7,0.0588,9.95,10.6,8.85,0.86,0.3,1.64,1.44,0.0312,1.1,0.0625,0.0667,9.9,9.85,10.55,10.5,8.8,8.75,0.855,0.85,0.3,0.3,1.66,1.68,1.44,1.43,0.0301,0.0294,1.04,1.0,0.06485,2015.75
275,7,0.0556,10.0,10.65,8.9,0.865,0.3,1.62,1.45,0.0324,1.16,0.0588,0.0625,9.95,9.9,10.6,10.55,8.85,8.8,0.86,0.855,0.3,0.3,1.64,1.66,1.44,1.44,0.0312,0.0301,1.1,1.04,0.060899999999999996,2016.0
276,7,0.05,10.05,10.7,8.95,0.87,0.3,1.6,1.46,0.033,1.2,0.0556,0.0588,10.0,9.95,10.65,10.6,8.9,8.85,0.865,0.86,0.3,0.3,1.62,1.64,1.45,1.44,0.0324,0.0312,1.16,1.1,0.056725,2016.25
277,7,0.0476,10.1,10.75,9.0,0.875,0.3,1.59,1.47,0.0335,1.24,0.05,0.0556,10.05,10.0,10.7,10.65,8.95,8.9,0.87,0.865,0.3,0.3,1.6,1.62,1.46,1.45,0.033,0.0324,1.2,1.16,0.053,2016.5
278,7,0.0455,10.15,10.8,9.05,0.88,0.3,1.57,1.47,0.0346,1.3,0.0476,0.05,10.1,10.05,10.75,10.7,9.0,8.95,0.875,0.87,0.3,0.3,1.59,1.6,1.47,1.46,0.0335,0.033,1.24,1.2,0.049675000000000004,2016.75
279,7,0.0435,10.2,10.85,9.1,0.885,0.3,1.56,1.48,0.0356,1.36,0.0455,0.0476,10.15,10.1,10.8,10.75,9.05,9.0,0.88,0.875,0.3,0.3,1.57,1.59,1.47,1.47,0.0346,0.0335,1.3,1.24,0.04665,2017.0
280,7,0.0417,9.5,10.0,8.5,0.83,0.3021,1.52,1.38,0.0187,0.71,0.0435,0.0455,10.2,10.15,10.85,10.8,9.1,9.05,0.885,0.88,0.3,0.3,1.56,1.57,1.48,1.47,0.0356,0.0346,1.36,1.3,0.044575000000000004,2017.25
281,7,0.04,9.55,10.05,8.55,0.835,0.3,1.51,1.38,0.0208,0.8,0.0417,0.0435,9.5,10.2,10.0,10.85,8.5,9.1,0.83,0.885,0.3021,0.3,1.52,1.56,1.38,1.48,0.0187,0.0356,0.71,1.36,0.042675000000000005,2017.5
282,7,0.0385,9.6,10.1,8.6,0.84,0.2982,1.49,1.39,0.0219,0.85,0.04,0.0417,9.55,9.5,10.05,10.0,8.55,8.5,0.835,0.83,0.3,0.3021,1.51,1.52,1.38,1.38,0.0208,0.0187,0.8,0.71,0.040924999999999996,2017.75
283,7,0.037,9.65,10.15,8.65,0.845,0.2956,1.48,1.4,0.023,0.9,0.0385,0.04,9.6,9.55,10.1,10.05,8.6,8.55,0.84,0.835,0.2982,0.3,1.49,1.51,1.39,1.38,0.0219,0.0208,0.85,0.8,0.0393,2018.0
284,7,0.0357,9.7,10.2,8.7,0.85,0.3,1.47,1.4,0.0242,0.96,0.037,0.0385,9.65,9.6,10.15,10.1,8.65,8.6,0.845,0.84,0.2956,0.2982,1.48,1.49,1.4,1.39,0.023,0.0219,0.9,0.85,0.0378,2018.25
285,7,0.0345,9.75,10.25,8.75,0.855,0.2991,1.45,1.41,0.025,1.0,0.0357,0.037,9.7,9.65,10.2,10.15,8.7,8.65,0.85,0.845,0.3,0.2956,1.47,1.48,1.4,1.4,0.0242,0.023,0.96,0.9,0.036425,2018.5
286,7,0.0333,9.8,10.3,8.8,0.86,0.2986,1.44,1.42,0.0259,1.05,0.0345,0.0357,9.75,9.7,10.25,10.2,8.75,8.7,0.855,0.85,0.2991,0.3,1.45,1.47,1.41,1.4,0.025,0.0242,1.0,0.96,0.035125,2018.75
287,7,0.0323,9.85,10.35,8.85,0.865,0.2981,1.43,1.43,0.027,1.1,0.0333,0.0345,9.8,9.75,10.3,10.25,8.8,8.75,0.86,0.855,0.2986,0.2991,1.44,1.45,1.42,1.41,0.0259,0.025,1.05,1.0,0.03395,2019.0
288,7,0.04,9.75,10.3,8.8,0.84,0.3,1.34,1.33,0.0381,1.6,0.0323,0.0333,9.85,9.8,10.35,10.3,8.85,8.8,0.865,0.86,0.2981,0.2986,1.43,1.44,1.43,1.42,0.027,0.0259,1.1,1.05,0.035025,2019.25
289,7,0.0385,9.8,10.35,8.85,0.845,0.3004,1.33,1.34,0.0399,1.7,0.04,0.0323,9.75,9.85,10.3,10.35,8.8,8.85,0.84,0.865,0.3,0.2981,1.34,1.43,1.33,1.43,0.0381,0.027,1.6,1.1,0.036025,2019.5
290,7,0.037,9.85,10.4,8.9,0.85,0.3,1.32,1.35,0.0417,1.8,0.0385,0.04,9.8,9.75,10.35,10.3,8.85,8.8,0.845,0.84,0.3004,0.3,1.33,1.34,1.34,1.33,0.0399,0.0381,1.7,1.6,0.03695,2019.75
291,7,0.0357,9.9,10.45,8.95,0.855,0.3,1.31,1.35,0.0434,1.9,0.037,0.0385,9.85,9.8,10.4,10.35,8.9,8.85,0.85,0.845,0.3,0.3004,1.32,1.33,1.35,1.34,0.0417,0.0399,1.8,1.7,0.0378,2020.0
292,7,-0.4828,8.5,9.0,8.75,0.75,0.25,1.31,1.35,-0.025,-1.0,0.0357,0.037,9.9,9.85,10.45,10.4,8.95,8.9,0.855,0.85,0.3,0.3,1.31,1.32,1.35,1.35,0.0434,0.0417,1.9,1.8,-0.09290000000000001,2020.25
293,7,0.1667,6.0,6.5,8.0,0.5,0.3,1.32,1.36,-0.0495,2.0,-0.4828,0.0357,8.5,9.9,9.0,10.45,8.75,8.95,0.75,0.855,0.25,0.3,1.31,1.31,1.35,1.35,-0.025,0.0434,-1.0,1.9,-0.06085000000000001,2020.5
294,7,0.1429,7.0,7.5,8.25,0.6,0.3,1.33,1.37,-0.0368,-1.5,0.1667,-0.4828,6.0,8.5,6.5,9.0,8.0,8.75,0.5,0.75,0.3,0.25,1.32,1.31,1.36,1.35,-0.0495,-0.025,2.0,-1.0,-0.03437500000000001,2020.75
295,7,0.125,7.5,8.0,8.5,0.7,0.3,1.33,1.38,-0.0121,-0.5,0.1429,0.1667,7.0,6.0,7.5,6.5,8.25,8.0,0.6,0.5,0.3,0.3,1.33,1.32,1.37,1.36,-0.0368,-0.0495,-1.5,2.0,-0.012050000000000012,2021.0
296,7,0.2,6.5,7.0,8.0,0.721,0.25,1.33,1.62,-0.0238,-1.0,0.125,0.1429,7.5,7.0,8.0,7.5,8.5,8.25,0.7,0.6,0.3,0.3,1.33,1.33,1.38,1.37,-0.0121,-0.0368,-0.5,-1.5,0.15865,2021.25
297,7,0.1667,7.5,8.0,8.5,0.8,0.2439,1.34,1.61,-0.0188,-0.8,0.2,0.125,6.5,7.5,7.0,8.0,8.0,8.5,0.721,0.7,0.25,0.3,1.33,1.33,1.62,1.38,-0.0238,-0.0121,-1.0,-0.5,0.15865,2021.5
298,7,-0.0857,8.0,8.5,9.0,0.825,0.2471,1.35,1.6,-0.0139,-0.6,0.1667,0.2,7.5,6.5,8.0,7.0,8.5,8.0,0.8,0.721,0.2439,0.25,1.34,1.33,1.61,1.62,-0.0188,-0.0238,-0.8,-1.0,0.1015,2021.75
299,7,0.0625,8.5,9.0,9.5,0.798,0.2442,1.34,1.58,-0.0091,-0.4,-0.0857,0.1667,8.0,7.5,8.5,8.0,9.0,8.5,0.825,0.8,0.2471,0.2439,1.35,1.34,1.6,1.61,-0.0139,-0.0188,-0.6,-0.8,0.085875,2022.0
300,7,0.0588,8.75,9.25,9.75,0.77,0.25,1.37,1.59,-0.0045,-0.2,0.0625,-0.0857,8.5,8.0,9.0,8.5,9.5,9.0,0.798,0.825,0.2442,0.2471,1.34,1.35,1.58,1.6,-0.0091,-0.0139,-0.4,-0.6,0.050574999999999995,2022.25
301,7,0.0556,9.0,9.5,10.0,0.86,0.25,1.34,1.67,0.0,0.0,0.0588,0.0625,8.75,8.5,9.25,9.0,9.75,9.5,0.77,0.798,0.25,0.2442,1.37,1.34,1.59,1.58,-0.0045,-0.0091,-0.2,-0.4,0.0228,2022.5
302,7,0.0526,9.25,9.75,10.25,0.84,0.2308,1.32,1.74,0.0042,0.2,0.0556,0.0588,9.0,8.75,9.5,9.25,10.0,9.75,0.86,0.77,0.25,0.25,1.34,1.37,1.67,1.59,0.0,-0.0045,0.0,-0.2,0.057374999999999995,2022.75
303,7,0.05,9.5,10.0,10.5,0.81,0.2667,1.29,1.81,0.008,0.4,0.0526,0.0556,9.25,9.0,9.75,9.5,10.25,10.0,0.84,0.86,0.2308,0.25,1.32,1.34,1.74,1.67,0.0042,0.0,0.2,0.0,0.05425,2023.0
304,7,0.0476,9.75,10.25,10.75,0.808,0.25,1.27,1.88,0.0115,0.6,0.05,0.0526,9.5,9.25,10.0,9.75,10.5,10.25,0.81,0.84,0.2667,0.2308,1.29,1.32,1.81,1.74,0.008,0.0042,0.4,0.2,0.05145,2023.25
305,7,0.0455,10.0,10.5,11.0,0.82,0.25,1.26,1.94,0.0148,0.8,0.0476,0.05,9.75,9.5,10.25,10.0,10.75,10.5,0.808,0.81,0.25,0.2667,1.27,1.29,1.88,1.81,0.0115,0.008,0.6,0.4,0.048924999999999996,2023.5
306,7,0.0435,10.25,10.75,11.25,0.814,0.2353,1.24,2.0,0.0179,1.0,0.0455,0.0476,10.0,9.75,10.5,10.25,11.0,10.75,0.82,0.808,0.25,0.25,1.26,1.27,1.94,1.88,0.0148,0.0115,0.8,0.6,0.046650000000000004,2023.75
307,7,0.0417,10.5,11.0,11.5,0.801,0.2222,1.23,2.06,0.0207,1.2,0.0435,0.0455,10.25,10.0,10.75,10.5,11.25,11.0,0.814,0.82,0.2353,0.25,1.24,1.26,2.0,1.94,0.0179,0.0148,1.0,0.8,0.044575000000000004,2024.0
44,8,0.079,11.5,12.7,13.2,0.816,0.387,0.52,6.07,0.0135,0.11,0.0,0.0,0.0,0.0,0.0,0.0,0.0,0.0,0.0,0.0,0.0,0.0,0.0,0.0,0.0,0.0,0.0,0.0,0.0,0.0,0.0,2013.25
45,8,0.3298,12.46,14.68,15.39,0.839,0.353,0.34,3.79,0.0391,0.56,0.079,0.0,11.5,0.0,12.7,0.0,13.2,0.0,0.816,0.0,0.387,0.0,0.52,0.0,6.07,0.0,0.0135,0.0,0.11,0.0,0.0,2013.5
46,8,0.0221,11.0,14.0,14.0,0.843,0.3219,0.7,2.72,0.041,1.47,0.3298,0.079,12.46,11.5,14.68,12.7,15.39,13.2,0.839,0.816,0.353,0.387,0.34,0.52,3.79,6.07,0.0391,0.0135,0.56,0.11,0.0,2013.75
47,8,0.105,13.08,14.9,13.76,0.81,0.3329,0.73,4.5,0.0192,8.3,0.0221,0.3298,11.0,12.46,14.0,14.68,14.0,15.39,0.843,0.839,0.3219,0.353,0.7,0.34,2.72,3.79,0.041,0.0391,1.47,0.56,0.133975,2014.0
48,8,0.05,12.0,14.0,13.5,0.811,0.2,0.6,1.8,-0.015,-1.33,0.105,0.0221,13.08,11.0,14.9,14.0,13.76,14.0,0.81,0.843,0.3329,0.3219,0.73,0.7,4.5,2.72,0.0192,0.041,8.3,1.47,0.126725,2014.25
49,8,0.119,13.16,15.94,12.69,0.863,0.1699,0.59,1.74,0.0241,2.14,0.05,0.105,12.0,13.08,14.0,14.9,13.5,13.76,0.811,0.81,0.2,0.3329,0.6,0.73,1.8,4.5,-0.015,0.0192,-1.33,8.3,0.074025,2014.5
50,8,0.06,12.5,14.5,13.0,0.855,0.22,0.7,1.7,0.035,2.75,0.119,0.05,13.16,12.0,15.94,14.0,12.69,13.5,0.863,0.811,0.1699,0.2,0.59,0.6,1.74,1.8,0.0241,-0.015,2.14,-1.33,0.08349999999999999,2014.75
51,8,0.04,11.0,13.0,12.5,0.817,0.23,0.8,1.6,0.014,1.2,0.06,0.119,12.5,13.16,14.5,15.94,13.0,12.69,0.855,0.863,0.22,0.1699,0.7,0.59,1.7,1.74,0.035,0.0241,2.75,2.14,0.06725,2015.0
52,8,0.05,12.2,14.0,13.0,0.81,0.2,0.7,1.5,0.021,1.52,0.04,0.06,11.0,12.5,13.0,14.5,12.5,13.0,0.817,0.855,0.23,0.22,0.8,0.7,1.6,1.7,0.014,0.035,1.2,2.75,0.06725,2015.25
53,8,0.06,13.5,14.5,12.5,0.835,0.22,0.8,1.4,0.045,3.31,0.05,0.04,12.2,11.0,14.0,13.0,13.0,12.5,0.81,0.817,0.2,0.23,0.7,0.8,1.5,1.6,0.021,0.014,1.52,1.2,0.052500000000000005,2015.5
54,8,0.07,13.0,15.0,12.0,0.85,0.24,0.9,1.3,0.062,4.53,0.06,0.05,13.5,12.2,14.5,14.0,12.5,13.0,0.835,0.81,0.22,0.2,0.8,0.7,1.4,1.5,0.045,0.021,3.31,1.52,0.05500000000000001,2015.75
55,8,0.06,12.8,14.8,12.3,0.825,0.23,1.0,1.2,0.035,2.55,0.07,0.06,13.0,13.5,15.0,14.5,12.0,12.5,0.85,0.835,0.24,0.22,0.9,0.8,1.3,1.4,0.062,0.045,4.53,3.31,0.060000000000000005,2016.0
56,8,0.04,11.5,13.5,12.8,0.805,0.21,0.8,1.6,0.025,1.23,0.06,0.07,12.8,13.0,14.8,15.0,12.3,12.0,0.825,0.85,0.23,0.24,1.0,0.9,1.2,1.3,0.035,0.062,2.55,4.53,0.0575,2016.25
57,8,0.05,12.0,14.0,12.3,0.835,0.23,0.6,1.5,0.04,2.61,0.04,0.06,11.5,12.8,13.5,14.8,12.8,12.3,0.805,0.825,0.21,0.23,0.8,1.0,1.6,1.2,0.025,0.035,1.23,2.55,0.055,2016.5
58,8,0.06,12.5,14.5,11.9,0.852,0.25,1.1,1.4,0.055,3.11,0.05,0.04,12.0,11.5,14.0,13.5,12.3,12.8,0.835,0.805,0.23,0.21,0.6,0.8,1.5,1.6,0.04,0.025,2.61,1.23,0.0525,2016.75
59,8,0.05,12.3,14.2,12.1,0.82,0.24,1.4,1.3,0.03,1.78,0.06,0.05,12.5,12.0,14.5,14.0,11.9,12.3,0.852,0.835,0.25,0.23,1.1,0.6,1.4,1.5,0.055,0.04,3.11,2.61,0.05,2017.0
60,8,0.033,11.2,13.2,13.2,0.799,0.18,0.6,1.7,0.003,0.31,0.05,0.06,12.3,12.5,14.2,14.5,12.1,11.9,0.82,0.852,0.24,0.25,1.4,1.1,1.3,1.4,0.03,0.055,1.78,3.11,0.04825,2017.25
61,8,0.0556,12.0,14.9,13.0,0.835,0.3,0.73,1.63,0.028,2.751,0.033,0.05,11.2,12.3,13.2,14.2,13.2,12.1,0.799,0.82,0.18,0.24,0.6,1.4,1.7,1.3,0.003,0.03,0.31,1.78,0.04965,2017.5
62,8,-0.0263,11.8,13.8,13.7,0.829,0.286,0.84,1.58,0.022,2.12,0.0556,0.033,12.0,11.2,14.9,13.2,13.0,13.2,0.835,0.799,0.3,0.18,0.73,0.6,1.63,1.7,0.028,0.003,2.751,0.31,0.028075000000000003,2017.75
63,8,0.0541,11.6,13.6,13.9,0.817,0.271,0.91,1.47,0.019,1.99,-0.0263,0.0556,11.8,12.0,13.8,14.9,13.7,13.0,0.829,0.835,0.286,0.3,0.84,0.73,1.58,1.63,0.022,0.028,2.12,2.751,0.0291,2018.0
64,8,-0.034,13.1,13.0,14.9,0.31,0.2747,1.35,0.26,0.026,0.52,0.0541,-0.0263,11.6,11.8,13.6,13.8,13.9,13.7,0.817,0.829,0.271,0.286,0.91,0.84,1.47,1.58,0.019,0.022,1.99,2.12,0.012349999999999998,2018.25
65,8,0.1148,13.9,18.7,15.5,0.391,0.2766,1.41,7.23,0.0096,2.44,-0.034,0.0541,13.1,11.6,13.0,13.6,14.9,13.9,0.31,0.817,0.2747,0.271,1.35,0.91,0.26,1.47,0.026,0.019,0.52,1.99,0.02715,2018.5
66,8,0.2143,13.7,16.2,12.0,0.365,0.2545,1.34,3.84,0.0188,2.99,0.1148,-0.034,13.9,13.1,18.7,13.0,15.5,14.9,0.391,0.31,0.2766,0.2747,1.41,1.35,7.23,0.26,0.0096,0.026,2.44,0.52,0.08729999999999999,2018.75
67,8,-0.0588,13.1,16.2,12.3,0.38,0.2381,1.38,3.74,0.0103,1.65,0.2143,0.1148,13.7,13.9,16.2,18.7,12.0,15.5,0.365,0.391,0.2545,0.2766,1.34,1.41,3.84,7.23,0.0188,0.0096,2.99,2.44,0.059075,2019.0
68,8,0.0625,15.0,19.2,14.4,0.45,0.25,1.42,3.69,0.0064,1.04,-0.0588,0.2143,13.1,13.7,16.2,16.2,12.3,12.0,0.38,0.365,0.2381,0.2545,1.38,1.34,3.74,3.84,0.0103,0.0188,1.65,2.99,0.0832,2019.25
69,8,0.0588,16.4,20.7,15.5,0.8636,0.2544,1.44,3.6,0.0239,3.93,0.0625,-0.0588,15.0,13.1,19.2,16.2,14.4,12.3,0.45,0.38,0.25,0.2381,1.42,1.38,3.69,3.74,0.0064,0.0103,1.04,1.65,0.0692,2019.5
70,8,0.0575,14.5,15.71,11.07,0.866,0.227,0.4,-4.1,0.0262,3.75,0.0588,0.0625,16.4,15.0,20.7,19.2,15.5,14.4,0.8636,0.45,0.2544,0.25,1.44,1.42,3.6,3.69,0.0239,0.0064,3.93,1.04,0.03,2019.75
71,8,0.0588,13.1,16.4,12.3,0.7308,0.248,1.42,3.61,0.0131,2.19,0.0575,0.0588,14.5,16.4,15.71,20.7,11.07,15.5,0.866,0.8636,0.227,0.2544,0.4,1.44,-4.1,3.6,0.0262,0.0239,3.75,3.93,0.059399999999999994,2020.0
72,8,-0.375,12.64,14.5,15.58,0.709,0.1052,0.43,1.14,0.0192,-2.57,0.0588,0.0575,13.1,14.5,16.4,15.71,12.3,11.07,0.7308,0.866,0.248,0.227,1.42,0.4,3.61,-4.1,0.0131,0.0262,2.19,3.75,-0.049975000000000006,2020.25
73,8,-0.35,6.48,10.25,30.88,0.602,-1.713,0.55,2.23,-0.0313,-9.31,-0.375,0.0588,12.64,13.1,14.5,16.4,15.58,12.3,0.709,0.7308,0.1052,0.248,0.43,1.42,1.14,3.61,0.0192,0.0131,-2.57,2.19,-0.152175,2020.5
74,8,0.1538,8.46,9.75,20.25,0.602,-0.7891,0.98,3.91,-0.082,-8.16,-0.35,-0.375,6.48,12.64,10.25,14.5,30.88,15.58,0.602,0.709,-1.713,0.1052,0.55,0.43,2.23,1.14,-0.0313,0.0192,-9.31,-2.57,-0.1281,2020.75
75,8,0.0667,8.59,10.5,17.69,0.556,-0.4039,1.09,4.17,-0.1236,-6.39,0.1538,-0.35,8.46,6.48,9.75,10.25,20.25,30.88,0.602,0.602,-0.7891,-1.713,0.98,0.55,3.91,2.23,-0.082,-0.0313,-8.16,-9.31,-0.126125,2021.0
76,8,0.2553,10.6,18.3,14.2,0.6,0.1579,1.12,3.38,-0.022,-5.0,0.0667,0.1538,8.59,8.46,10.5,9.75,17.69,20.25,0.556,0.602,-0.4039,-0.7891,1.09,0.98,4.17,3.91,-0.1236,-0.082,-6.39,-8.16,0.031450000000000006,2021.25
77,8,0.069,6.5,11.6,14.7,0.65,0.3091,1.49,3.37,-0.0068,-1.54,0.2553,0.0667,10.6,8.59,18.3,10.5,14.2,17.69,0.6,0.556,0.1579,-0.4039,1.12,1.09,3.38,4.17,-0.022,-0.1236,-5.0,-6.39,0.1362,2021.5
78,8,-0.1613,9.7,14.5,14.2,0.97,0.3205,1.41,3.32,-0.0281,-6.43,0.069,0.2553,6.5,10.6,11.6,18.3,14.7,14.2,0.65,0.6,0.3091,0.1579,1.49,1.12,3.37,3.38,-0.0068,-0.022,-1.54,-5.0,0.057425000000000004,2021.75
79,8,-0.1346,10.0,15.8,15.0,0.8,0.3478,1.46,3.33,-0.02,-4.64,-0.1613,0.069,9.7,6.5,14.5,11.6,14.2,14.7,0.97,0.65,0.3205,0.3091,1.41,1.49,3.32,3.37,-0.0281,-0.0068,-6.43,-1.54,0.007100000000000009,2022.0
80,8,0.0172,9.4,16.3,19.3,0.94,0.25,2.12,3.38,-0.02,-5.0,-0.1346,-0.1613,10.0,9.7,15.8,14.5,15.0,14.2,0.8,0.97,0.3478,0.3205,1.46,1.41,3.33,3.32,-0.02,-0.0281,-4.64,-6.43,-0.052425,2022.25
81,8,0.069,5.52,21.4,12.4,0.549,0.2479,1.49,3.37,0.0052,1.18,0.0172,-0.1346,9.4,10.0,16.3,15.8,19.3,15.0,0.94,0.8,0.25,0.3478,2.12,1.46,3.38,3.33,-0.02,-0.02,-5.0,-4.64,-0.052425,2022.5
82,8,-0.1615,8.8,13.3,12.9,0.885,0.4231,1.43,3.36,0.0281,6.43,0.069,0.0172,5.52,9.4,21.4,16.3,12.4,19.3,0.549,0.94,0.2479,0.25,1.49,2.12,3.37,3.38,0.0052,-0.02,1.18,-5.0,-0.052475,2022.75
83,8,0.0976,18.6,20.5,14.4,0.863,0.2823,2.15,3.33,0.0113,6.07,-0.1615,0.069,8.8,5.52,13.3,21.4,12.9,12.4,0.885,0.549,0.4231,0.2479,1.43,1.49,3.36,3.37,0.0281,0.0052,6.43,1.18,0.005575,2023.0
84,8,0.0,31.6,46.8,15.2,0.834,0.1914,0.8,2.47,-0.0028,-0.65,0.0976,-0.1615,18.6,8.8,20.5,13.3,14.4,12.9,0.863,0.885,0.2823,0.4231,2.15,1.43,3.33,3.36,0.0113,0.0281,6.07,6.43,0.001275,2023.25
85,8,0.0,36.1,49.0,14.8,0.84,0.3442,0.96,2.43,0.0153,3.61,0.0,0.0976,31.6,18.6,46.8,20.5,15.2,14.4,0.834,0.863,0.1914,0.2823,0.8,2.15,2.47,3.33,-0.0028,0.0113,-0.65,6.07,-0.015975000000000003,2023.5
86,8,0.0,37.8,49.6,14.5,0.839,0.3067,1.04,2.4,0.0204,4.84,0.0,0.0,36.1,31.6,49.0,46.8,14.8,15.2,0.84,0.834,0.3442,0.1914,0.96,0.8,2.43,2.47,0.0153,-0.0028,3.61,-0.65,0.024399999999999998,2023.75
87,8,0.0,41.2,46.0,14.7,0.842,0.2707,1.15,2.36,0.024,5.71,0.0,0.0,37.8,36.1,49.6,49.0,14.5,14.8,0.839,0.84,0.3067,0.3442,1.04,0.96,2.4,2.43,0.0204,0.0153,4.84,3.61,0.0,2024.0
